name, ani1ccx-t1-min-confs, ani1ccx-t2-min-confs, min-G-t1, min-G-t2, confs-bw-G-t1, confs-bw-G-t1, confs-bw-rot-G-t1, confs-bw-rot-G-t1, exp-dG, min-dG, confs-bw-dG, confs-bw-rot-dG, rfe_ddG_vacuum_ANI1ccx, rfe_dddG_vacuum_ANI1ccx, rfe_ddG_droplet_ANI1ccx, rfe_dddG_droplet_ANI1ccx, rfe_ddG_droplet_ANI2x, rfe_dddG_droplet_ANI2x 
SAMPLmol2, 2, 1, -299002.9, -299005.4, -299002.9, -299005.4, -299002.9, -299006.3, -6.1, -2.5, -2.5, -3.3,-2.7,0.2, 
-7.6,0.2, 
-14.0,0.2, 
SAMPLmol4, 2, 1, -299000.3, -298997.7, -299000.3, -298997.7, -299000.3, -298998.5, -2.3, 2.6, 2.6, 1.8,2.4,0.2, 
-6.3,0.2, 
-13.6,0.2, 
molDWRow_1000, 2, 1, -212811.0, -212807.7, -212811.0, -212807.7, -212811.0, -212808.1, -2.6, 3.3, 3.3, 2.9,3.5,0.2, 
-0.8,0.2, 
-14.9,0.2, 
molDWRow_1001, 2, 1, -309070.3, -309071.4, -309070.3, -309071.4, -309070.3, -309071.4, -3.7, -1.1, -1.1, -1.1,-1.8,0.2, 
-4.5,0.2, 
-13.6,0.2, 
molDWRow_1002, 2, 1, -472824.7, -472822.7, -472824.7, -472822.7, -472826.8, -472824.8, 1.0, 2.0, 2.0, 2.0,2.1,0.2, 
1.3,0.2, 
-6.7,0.2, 
molDWRow_1003, 2, 1, -212793.7, -212798.9, -212793.7, -212798.9, -212793.7, -212799.3, -7.0, -5.2, -5.2, -5.6,-5.4,0.2, 
-7.6,0.2, 
-21.1,0.2, 
molDWRow_1005, 2, 1, -309052.9, -309062.4, -309052.9, -309062.4, -309052.9, -309062.4, -9.3, -9.5, -9.5, -9.5,-9.9,0.2, 
-9.8,0.2, 
-20.9,0.2, 
molDWRow_1006, 2, 1, -309048.5, -309052.6, -309048.5, -309052.6, -309048.5, -309052.6, -4.2, -4.0, -4.0, -4.0,-4.1,0.2, 
-7.7,0.2, 
-17.8,0.2, 
molDWRow_1010, 2, 1, -423589.3, -423585.7, -423589.3, -423585.7, -423589.3, -423585.7, 1.0, 3.7, 3.7, 3.7,4.0,0.2, 
2.6,0.2, 
-6.0,0.2, 
molDWRow_1034, 2, 1, -260000.0, -260011.2, -260000.0, -260011.2, -260000.0, -260012.6, -6.3, -11.1, -11.1, -12.6,-10.9,0.2, 
-7.4,0.2, 
-21.2,0.2, 
molDWRow_1035, 2, 1, -260001.7, -260011.2, -260001.7, -260011.2, -260001.7, -260012.6, -7.9, -9.5, -9.5, -11.0,-10.4,0.2, 
-13.2,0.2, 
-23.9,0.2, 
molDWRow_1036, 2, 1, -356263.9, -356274.2, -356263.9, -356274.2, -356263.9, -356275.0, -9.3, -10.2, -10.2, -11.1,-10.4,0.2, 
-14.2,0.2, 
-22.7,0.2, 
molDWRow_104, 1, 2, -121042.1, -121031.1, -121042.1, -121031.1, -121044.6, -121032.6, 11.8, 11.0, 10.9, 12.0,12.1,0.2, 
9.0,0.2, 
15.9,0.2, 
molDWRow_105, 6, 7, -170286.4, -170273.9, -170287.1, -170274.4, -170290.7, -170277.4, 11.7, 12.4, 12.6, 13.3,13.3,0.2, 
11.2,0.2, 
17.8,0.2, 
molDWRow_1056, 1, 1, -213552.6, -213549.5, -213552.6, -213549.5, -213554.0, -213550.6, -0.0, 3.1, 3.1, 3.5,2.2,0.2, 
-0.8,0.2, 
5.9,0.2, 
molDWRow_1057, 1, 2, -213552.6, -213545.5, -213552.6, -213545.9, -213554.0, -213547.4, -2.9, 7.1, 6.7, 6.7,5.4,0.2, 
2.8,0.2, 
9.8,0.2, 
molDWRow_1058, 1, 2, -213549.5, -213545.5, -213549.5, -213545.9, -213550.6, -213547.4, -2.9, 4.0, 3.6, 3.2,3.5,0.2, 
4.3,0.2, 
5.1,0.2, 
molDWRow_1059, 2, 2, -213552.5, -213545.5, -213552.5, -213545.9, -213553.5, -213547.4, -1.2, 7.0, 6.6, 6.2,6.8,0.2, 
7.0,0.2, 
2.2,0.2, 
molDWRow_106, 2, 3, -194907.8, -194897.1, -194908.2, -194897.3, -194913.5, -194902.0, 12.0, 10.7, 10.9, 11.5,13.0,0.2, 
7.6,0.2, 
17.8,0.2, 
molDWRow_1060, 1, 2, -213549.5, -213552.5, -213549.5, -213552.5, -213550.6, -213553.6, -1.6, -3.0, -3.0, -3.0,-2.8,0.2, 
-2.4,0.2, 
1.8,0.2, 
molDWRow_1064, 5, 2, -238171.7, -238166.3, -238171.9, -238166.7, -238174.1, -238169.3, -2.3, 5.4, 5.2, 4.8,2.5,0.2, 
4.8,0.2, 
1.7,0.2, 
molDWRow_107, 5, 4, -194160.1, -194150.0, -194160.1, -194150.5, -194162.6, -194152.2, 9.1, 10.1, 9.6, 10.4,10.1,0.2, 
8.7,0.2, 
14.6,0.2, 
molDWRow_1072, 2, 2, -250631.6, -250629.9, -250631.6, -250629.9, -250633.8, -250632.1, 0.3, 1.7, 1.7, 1.7,3.4,0.2, 
5.0,0.2, 
0.8,0.2, 
molDWRow_108, 2, 4, -289669.1, -289660.3, -289669.5, -289660.7, -289670.7, -289661.5, 10.0, 8.8, 8.8, 9.2,9.5,0.2, 
6.2,0.2, 
9.8,0.2, 
molDWRow_1081, 1, 2, -272140.6, -272144.0, -272140.6, -272144.4, -272142.0, -272145.9, -5.6, -3.5, -3.9, -3.9,-3.5,0.2, 
-5.4,0.2, 
-4.2,0.2, 
molDWRow_1082, 4, 8, -306816.4, -306814.9, -306817.0, -306815.3, -306818.9, -306816.8, -2.0, 1.5, 1.7, 2.1,4.4,0.2, 
-1.8,0.2, 
3.3,0.2, 
molDWRow_1083, 2, 8, -319281.9, -319273.8, -319281.9, -319274.5, -319283.4, -319275.6, 1.5, 8.1, 7.3, 7.8,8.0,0.2, 
-1.6,0.2, 
6.4,0.2, 
molDWRow_109, 2, 4, -169536.7, -169526.0, -169537.2, -169526.7, -169539.2, -169527.9, 11.2, 10.8, 10.5, 11.3,10.9,0.2, 
10.0,0.2, 
12.8,0.2, 
molDWRow_110, 2, 11, -312950.5, -312941.0, -312950.9, -312941.0, -312953.5, -312942.9, 12.0, 9.5, 9.9, 10.5,12.9,0.2, 
9.1,0.2, 
16.2,0.2, 
molDWRow_1102, 2, 1, -356239.6, -356234.7, -356239.6, -356234.7, -356239.6, -356235.6, -1.4, 4.8, 4.8, 4.0,4.9,0.2, 
-3.0,0.2, 
-8.0,0.2, 
molDWRow_1106, 2, 2, -390939.8, -390936.8, -390940.2, -390936.8, -390941.0, -390937.2, 2.3, 2.9, 3.3, 3.8,3.7,0.2, 
3.2,0.2, 
8.4,0.2, 
molDWRow_113, 10, 6, -384573.1, -384568.3, -384573.1, -384568.3, -384574.0, -384568.7, 8.0, 4.7, 4.8, 5.2,9.0,0.2, 
4.0,0.2, 
7.4,0.2, 
molDWRow_114, 5, 4, -395983.9, -395973.4, -395984.0, -395973.9, -395985.2, -395974.7, 4.2, 10.5, 10.1, 10.5,8.7,0.2, 
2.7,0.2, 
9.7,0.2, 
molDWRow_115, 12, 8, -395985.0, -395974.0, -395985.3, -395974.8, -395986.1, -395975.2, 5.7, 11.0, 10.5, 10.9,8.7,0.2, 
3.3,0.2, 
10.3,0.2, 
molDWRow_116, 14, 7, -395986.7, -395981.7, -395986.8, -395981.7, -395987.6, -395982.1, 4.6, 5.0, 5.1, 5.5,0.1,0.2, 
0.8,0.2, 
9.5,0.2, 
molDWRow_117, 16, 7, -406052.7, -406047.3, -406053.6, -406047.3, -406054.4, -406047.8, 4.0, 5.3, 6.3, 6.7,8.3,0.2, 
6.8,0.2, 
8.4,0.2, 
molDWRow_1181, 2, 1, -190269.8, -190254.3, -190270.3, -190254.3, -190270.7, -190254.8, 8.9, 15.5, 15.9, 15.9,16.3,0.2, 
7.7,0.2, 
8.6,0.2, 
molDWRow_1182, 3, 1, -335013.8, -335003.5, -335014.4, -335003.5, -335014.8, -335004.8, 6.3, 10.2, 10.9, 10.0,10.5,0.2, 
4.4,0.2, 
3.6,0.2, 
molDWRow_1183, 8, 1, -285948.3, -285934.5, -285948.3, -285934.5, -285949.4, -285936.0, 4.5, 13.8, 13.8, 13.4,14.9,0.2, 
3.8,0.2, 
6.0,0.2, 
molDWRow_1188, 2, 1, -286527.7, -286516.6, -286528.1, -286516.6, -286528.5, -286516.6, 6.3, 11.0, 11.4, 11.9,11.4,0.2, 
6.5,0.2, 
8.0,0.2, 
molDWRow_119, 9, 8, -395982.9, -395973.6, -395983.9, -395974.4, -395984.7, -395974.9, 6.6, 9.3, 9.4, 9.9,8.8,0.2, 
3.1,0.2, 
9.4,0.2, 
molDWRow_1190, 2, 1, -286526.2, -286516.1, -286526.6, -286516.1, -286527.1, -286516.1, 5.6, 10.2, 10.6, 11.0,10.8,0.2, 
5.6,0.2, 
4.8,0.2, 
molDWRow_1191, 3, 1, -382787.9, -382777.8, -382787.9, -382777.8, -382788.3, -382777.8, 4.2, 10.1, 10.1, 10.5,7.3,0.2, 
5.9,0.2, 
5.3,0.2, 
molDWRow_1192, 2, 1, -296574.4, -296563.9, -296574.8, -296563.9, -296575.2, -296563.9, 12.3, 10.5, 10.9, 11.3,10.5,0.2, 
5.4,0.2, 
9.1,0.2, 
molDWRow_1193, 1, 1, -200346.1, -200323.2, -200346.1, -200323.2, -200346.9, -200323.2, 10.2, 22.9, 22.9, 23.8,23.8,0.2, 
10.2,0.2, 
9.3,0.2, 
molDWRow_1195, 2, 1, -200318.0, -200309.8, -200318.4, -200309.8, -200318.9, -200309.8, 5.6, 8.3, 8.7, 9.1,9.1,0.2, 
5.8,0.2, 
4.1,0.2, 
molDWRow_1196, 2, 1, -296576.5, -296572.7, -296576.9, -296572.7, -296577.4, -296572.7, -0.7, 3.8, 4.2, 4.7,4.6,0.2, 
3.8,0.2, 
2.4,0.2, 
molDWRow_120, 4, 4, -395983.4, -395974.3, -395984.0, -395974.8, -395985.2, -395975.6, 6.0, 9.1, 9.2, 9.7,9.5,0.2, 
4.8,0.2, 
9.0,0.2, 
molDWRow_1201, 2, 1, -296596.2, -296584.5, -296596.6, -296584.5, -296597.0, -296584.5, 11.6, 11.7, 12.1, 12.6,11.9,0.2, 
9.6,0.2, 
9.1,0.2, 
molDWRow_121, 7, 7, -395984.6, -395986.2, -395985.1, -395986.2, -395986.0, -395986.6, 2.7, -1.6, -1.1, -0.7,0.3,0.2, 
-2.6,0.2, 
6.5,0.2, 
molDWRow_122, 9, 7, -406051.6, -406051.9, -406052.3, -406051.9, -406053.1, -406052.3, 2.8, -0.3, 0.4, 0.8,4.9,0.2, 
4.9,0.2, 
9.5,0.2, 
molDWRow_1225, 4, 2, -286680.3, -286670.0, -286681.1, -286670.4, -286683.6, -286672.1, 5.9, 10.2, 10.7, 11.5,10.8,0.2, 
9.7,0.2, 
11.5,0.2, 
molDWRow_1228, 2, 1, -297345.6, -297337.8, -297346.0, -297337.8, -297347.5, -297338.8, 3.5, 7.9, 8.3, 8.7,7.1,0.2, 
None 
5.8,0.2, 
molDWRow_1229, 10, 6, -490586.7, -490578.2, -490587.9, -490578.9, -490590.3, -490580.8, 4.8, 8.6, 9.1, 9.5,8.8,0.2, 
6.2,0.2, 
8.8,0.2, 
molDWRow_1230, 2, 1, -393600.1, -393593.5, -393600.5, -393593.5, -393602.0, -393594.6, 3.0, 6.6, 7.0, 7.4,6.1,0.2, 
8.3,0.2, 
7.6,0.2, 
molDWRow_1231, 2, 1, -393602.4, -393593.9, -393602.8, -393593.9, -393604.3, -393595.0, 3.8, 8.4, 8.8, 9.2,7.8,0.2, 
8.5,0.2, 
9.0,0.2, 
molDWRow_1232, 2, 7, -343744.0, -343735.3, -343744.0, -343735.6, -343744.4, -343736.0, 5.5, 8.7, 8.4, 8.4,5.6,0.2, 
2.6,0.2, 
-0.6,0.2, 
molDWRow_1233, 2, 1, -343749.6, -343744.4, -343750.1, -343744.4, -343750.9, -343744.8, 7.5, 5.2, 5.6, 6.0,5.7,0.2, 
5.1,0.2, 
4.2,0.2, 
molDWRow_1234, 4, 1, -368364.5, -368358.9, -368365.1, -368358.9, -368366.6, -368360.3, 8.2, 5.6, 6.2, 6.2,6.0,0.2, 
3.6,0.2, 
2.2,0.2, 
molDWRow_1235, 5, 3, -488495.5, -488488.5, -488496.2, -488488.9, -488497.0, -488489.8, 4.9, 7.0, 7.2, 7.2,4.5,0.2, 
3.3,0.2, 
0.4,0.2, 
molDWRow_1239, 2, 1, -343746.8, -343734.8, -343747.2, -343734.8, -343748.0, -343735.2, 8.9, 11.9, 12.4, 12.8,13.6,0.2, 
13.2,0.2, 
13.2,0.2, 
molDWRow_1240, 4, 1, -368361.4, -368348.8, -368361.9, -368348.8, -368363.4, -368350.3, 9.4, 12.6, 13.1, 13.1,13.8,0.2, 
11.5,0.2, 
10.2,0.2, 
molDWRow_1241, 2, 1, -186534.2, -186522.1, -186534.6, -186522.1, -186535.0, -186522.1, 8.9, 12.1, 12.5, 12.9,12.7,0.2, 
14.4,0.2, 
8.3,0.2, 
molDWRow_1242, 2, 1, -221203.4, -221193.2, -221203.8, -221193.2, -221205.3, -221194.3, 10.1, 10.2, 10.6, 11.0,10.7,0.2, 
8.8,0.2, 
7.8,0.2, 
molDWRow_1243, 4, 1, -245817.4, -245805.4, -245817.9, -245805.4, -245820.0, -245807.6, 13.1, 12.0, 12.4, 12.4,12.5,0.2, 
9.6,0.2, 
7.4,0.2, 
molDWRow_1249, 5, 5, -214318.7, -214322.0, -214318.7, -214322.0, -214320.8, -214324.6, -3.8, -3.3, -3.3, -3.8,-0.8,0.2, 
-2.5,0.2, 
1.3,0.2, 
molDWRow_1250, 8, 7, -224399.3, -224400.4, -224399.9, -224401.5, -224401.3, -224403.8, -4.2, -1.0, -1.7, -2.5,0.7,0.2, 
None 
-0.7,0.2, 
molDWRow_1254, 7, 5, -297498.8, -297504.8, -297499.8, -297505.2, -297502.8, -297508.2, -3.7, -6.1, -5.4, -5.4,-6.9,0.2, 
-4.6,0.2, 
-2.6,0.2, 
molDWRow_126, 8, 12, -492239.5, -492231.1, -492240.0, -492231.6, -492240.8, -492232.0, 5.7, 8.4, 8.4, 8.8,7.9,0.2, 
3.1,0.2, 
9.8,0.2, 
molDWRow_1261, 2, 6, -395996.2, -395974.7, -395996.6, -395975.1, -395997.9, -395975.9, 4.5, 21.5, 21.5, 21.9,21.8,0.2, 
16.3,0.2, 
19.5,0.2, 
molDWRow_1321, 8, 15, -311313.0, -311306.2, -311313.0, -311306.6, -311315.5, -311309.1, 0.4, 6.8, 6.4, 6.4,6.2,0.2, 
0.6,0.2, 
1.7,0.2, 
molDWRow_1322, 4, 11, -478440.6, -478431.6, -478441.0, -478432.4, -478442.2, -478433.6, 0.5, 9.0, 8.6, 8.6,9.9,0.2, 
3.3,0.2, 
-1.9,0.2, 
molDWRow_1324, 15, 21, -346017.2, -346015.5, -346017.7, -346016.1, -346020.6, -346019.0, -4.5, 1.8, 1.6, 1.6,2.4,0.2, 
-1.5,0.2, 
-2.5,0.2, 
molDWRow_1341, 3, 1, -262070.7, -262071.9, -262071.4, -262071.9, -262073.5, -262074.0, -2.7, -1.2, -0.5, -0.5,-1.3,0.2, 
-1.2,0.2, 
-13.4,0.2, 
molDWRow_1342, 2, 1, -237447.8, -237446.9, -237447.8, -237446.9, -237448.9, -237448.0, -2.5, 0.9, 0.9, 0.9,-0.6,0.2, 
-2.2,0.2, 
-12.5,0.2, 
molDWRow_1343, 4, 1, -309225.2, -309224.5, -309225.6, -309224.5, -309227.7, -309226.6, -2.5, 0.7, 1.1, 1.1,-1.5,0.2, 
-1.2,0.2, 
-10.7,0.2, 
molDWRow_1344, 8, 3, -343208.6, -343210.1, -343208.7, -343210.1, -343210.2, -343211.5, -1.8, -1.5, -1.4, -1.4,-3.9,0.2, 
-3.8,0.2, 
-11.6,0.2, 
molDWRow_1345, 12, 6, -404917.5, -404913.8, -404918.0, -404914.5, -404920.6, -404917.0, -1.9, 3.7, 3.6, 3.6,2.8,0.2, 
-1.1,0.2, 
-13.5,0.2, 
molDWRow_1346, 2, 1, -295268.0, -295266.2, -295268.1, -295266.2, -295269.2, -295267.3, -1.6, 1.8, 1.9, 1.9,0.1,0.2, 
-1.3,0.2, 
-12.4,0.2, 
molDWRow_1347, 3, 1, -262070.7, -262063.9, -262071.4, -262063.9, -262073.5, -262066.0, -2.7, 6.9, 7.5, 7.5,7.1,0.2, 
-2.1,0.2, 
-10.4,0.2, 
molDWRow_1348, 2, 1, -237447.8, -237438.6, -237447.8, -237438.6, -237448.9, -237439.6, -2.6, 9.3, 9.3, 9.3,7.2,0.2, 
-3.7,0.2, 
-9.5,0.2, 
molDWRow_1349, 4, 1, -309225.2, -309214.9, -309225.6, -309214.9, -309227.7, -309217.0, -2.4, 10.3, 10.7, 10.7,5.9,0.2, 
-2.0,0.2, 
-8.6,0.2, 
molDWRow_1350, 8, 3, -343208.6, -343203.7, -343208.7, -343203.7, -343210.2, -343205.2, -1.9, 4.9, 5.0, 5.0,2.5,0.2, 
-4.3,0.2, 
-10.1,0.2, 
molDWRow_1351, 12, 8, -404917.5, -404907.2, -404918.0, -404908.2, -404920.6, -404910.8, -1.7, 10.3, 9.8, 9.8,9.4,0.2, 
-0.7,0.2, 
-9.4,0.2, 
molDWRow_1352, 2, 1, -295268.0, -295257.9, -295268.1, -295257.9, -295269.2, -295258.9, -1.5, 10.1, 10.2, 10.2,8.3,0.2, 
-3.8,0.2, 
-11.4,0.2, 
molDWRow_1353, 1, 1, -262071.9, -262063.9, -262071.9, -262063.9, -262074.1, -262066.0, 0.1, 8.1, 8.1, 8.1,8.2,0.2, 
-1.7,0.2, 
5.3,0.2, 
molDWRow_1354, 1, 1, -237446.9, -237438.6, -237446.9, -237438.6, -237448.0, -237439.6, -0.1, 8.4, 8.4, 8.4,8.2,0.2, 
-1.9,0.3, 
3.9,0.2, 
molDWRow_1355, 1, 1, -309224.5, -309214.9, -309224.5, -309214.9, -309226.6, -309217.0, 0.1, 9.6, 9.6, 9.6,7.5,0.2, 
-0.9,0.2, 
1.6,0.2, 
molDWRow_1356, 3, 3, -343210.1, -343203.7, -343210.1, -343203.7, -343211.6, -343205.2, -0.0, 6.4, 6.4, 6.4,6.5,0.2, 
-1.0,0.2, 
2.2,0.2, 
molDWRow_1357, 6, 7, -404913.8, -404907.2, -404914.5, -404907.3, -404917.0, -404909.8, 0.2, 6.6, 7.2, 7.2,7.4,0.2, 
0.5,0.2, 
2.8,0.2, 
molDWRow_1358, 1, 1, -295266.2, -295257.9, -295266.2, -295257.9, -295267.3, -295258.9, 0.1, 8.3, 8.3, 8.3,7.9,0.2, 
-1.3,0.2, 
0.3,0.2, 
molDWRow_1365, 2, 2, -257571.6, -257573.3, -257572.0, -257573.7, -257572.4, -257574.1, -3.3, -1.7, -1.7, -1.7,-1.7,0.2, 
-6.6,0.2, 
-2.1,0.2, 
molDWRow_1366, 2, 2, -282199.2, -282200.8, -282199.7, -282201.2, -282201.1, -282202.7, -3.2, -1.5, -1.5, -1.5,-1.2,0.2, 
-6.6,0.2, 
-2.4,0.2, 
molDWRow_1367, 2, 1, -257571.6, -257573.1, -257572.0, -257573.1, -257572.4, -257573.1, 3.6, -1.4, -1.0, -0.6,-0.7,0.2, 
0.0,0.2, 
-4.0,0.2, 
molDWRow_1368, 2, 1, -282199.3, -282200.4, -282199.7, -282200.4, -282201.1, -282201.5, 2.8, -1.2, -0.7, -0.3,-0.4,0.2, 
0.1,0.2, 
-0.6,0.2, 
molDWRow_1370, 2, 1, -392277.6, -392274.4, -392278.0, -392274.4, -392278.8, -392275.3, 5.9, 3.2, 3.6, 3.6,4.8,0.2, 
1.1,0.2, 
4.1,0.2, 
molDWRow_1377, 1, 1, -401589.2, -401595.0, -401589.2, -401595.0, -401589.2, -401595.4, -2.2, -5.8, -5.8, -6.2,-6.4,0.2, 
-4.7,0.2, 
2.3,0.2, 
molDWRow_1378, 1, 1, -391529.5, -391531.3, -391529.5, -391531.3, -391529.5, -391531.3, 2.2, -1.8, -1.8, -1.8,-2.5,0.2, 
-0.4,0.2, 
5.3,0.3, 
molDWRow_1379, 1, 1, -401592.3, -401590.4, -401592.3, -401590.4, -401592.3, -401590.4, -1.1, 1.8, 1.8, 1.8,1.3,0.2, 
-0.4,0.2, 
1.1,0.2, 
molDWRow_1380, 2, 2, -436250.7, -436248.0, -436251.1, -436248.4, -436251.6, -436248.8, -3.7, 2.7, 2.7, 2.7,2.9,0.2, 
1.8,0.2, 
2.5,0.8, 
molDWRow_1381, 2, 1, -186527.0, -186522.1, -186527.4, -186522.1, -186527.8, -186522.1, 7.5, 4.8, 5.3, 5.7,5.8,0.2, 
5.8,0.2, 
None 
molDWRow_1384, 2, 1, -188933.0, -188923.7, -188933.4, -188923.7, -188934.2, -188923.7, 7.0, 9.3, 9.7, 10.5,10.8,0.2, 
7.4,0.2, 
None 
molDWRow_1385, 2, 1, -176465.4, -176455.1, -176465.8, -176455.1, -176466.2, -176455.6, 4.2, 10.3, 10.7, 10.7,10.3,0.2, 
9.5,0.2, 
None 
molDWRow_141, 1, 5, -192084.7, -192079.2, -192084.7, -192079.2, -192087.3, -192080.7, 6.6, 5.5, 5.5, 6.6,11.3,0.2, 
9.6,0.2, 
16.9,3.4, 
molDWRow_1411, 1, 1, -212818.4, -212815.1, -212818.4, -212815.1, -212818.8, -212815.5, -3.0, 3.3, 3.3, 3.3,4.0,0.2, 
-8.6,0.2, 
None 
molDWRow_1413, 2, 3, -247518.7, -247525.3, -247519.2, -247526.0, -247520.0, -247526.4, -3.5, -6.6, -6.8, -6.4,-7.3,0.2, 
-5.6,0.2, 
None 
molDWRow_1414, 2, 1, -247518.7, -247522.7, -247519.2, -247522.7, -247520.0, -247523.1, 2.0, -3.9, -3.5, -3.1,-4.3,0.2, 
1.1,0.2, 
None 
molDWRow_1415, 2, 1, -247525.3, -247522.7, -247525.8, -247522.7, -247526.2, -247523.1, 5.6, 2.7, 3.1, 3.1,3.4,0.2, 
6.0,0.2, 
None 
molDWRow_1422, 4, 2, -248269.6, -248272.0, -248270.3, -248272.5, -248271.5, -248273.3, 1.6, -2.5, -2.2, -1.7,-2.5,0.2, 
3.3,0.2, 
None 
molDWRow_1423, 2, 2, -257560.7, -257579.4, -257561.1, -257579.8, -257561.5, -257580.2, -7.5, -18.7, -18.7, -18.7,-19.6,0.2, 
-11.1,0.2, 
None 
molDWRow_1424, 2, 1, -257579.4, -257577.1, -257579.8, -257577.1, -257580.2, -257577.1, 2.7, 2.2, 2.7, 3.1,3.4,0.2, 
6.3,0.2, 
None 
molDWRow_1450, 2, 1, -284284.7, -284263.6, -284285.1, -284263.6, -284288.1, -284266.1, 8.2, 21.1, 21.5, 21.9,22.0,0.2, 
7.5,0.2, 
None 
molDWRow_1451, 1, 1, -200347.3, -200325.7, -200347.3, -200325.7, -200347.7, -200325.7, 8.9, 21.6, 21.6, 22.0,18.7,0.2, 
7.2,0.2, 
None 
molDWRow_1452, 2, 2, -235053.8, -235034.4, -235054.2, -235034.4, -235055.0, -235034.8, 8.0, 19.4, 19.8, 20.2,22.8,0.2, 
9.6,0.2, 
None 
molDWRow_1453, 2, 2, -235053.8, -235031.7, -235054.2, -235032.1, -235055.0, -235032.5, 7.6, 22.1, 22.1, 22.5,21.8,0.2, 
7.1,0.2, 
None 
molDWRow_1454, 3, 1, -284286.7, -284263.4, -284286.8, -284263.4, -284289.8, -284265.9, 8.0, 23.3, 23.5, 23.9,21.3,0.2, 
9.6,0.2, 
None 
molDWRow_1455, 6, 3, -259669.0, -259647.8, -259669.7, -259648.2, -259671.2, -259649.3, 7.8, 21.2, 21.5, 21.9,23.4,0.2, 
7.0,0.2, 
None 
molDWRow_1456, 6, 2, -259669.0, -259645.7, -259669.7, -259646.1, -259671.2, -259647.6, 7.4, 23.3, 23.6, 23.6,23.7,0.2, 
7.5,0.2, 
None 
molDWRow_1465, 1, 2, -262641.2, -262644.4, -262641.2, -262644.8, -262641.6, -262645.6, -1.9, -3.2, -3.6, -4.0,-3.5,0.2, 
-3.7,0.2, 
None 
molDWRow_1484, 2, 1, -272727.3, -272719.7, -272727.7, -272719.7, -272728.1, -272720.1, 3.1, 7.6, 8.0, 8.0,8.5,0.2, 
10.1,0.2, 
None 
molDWRow_1485, 2, 1, -198992.9, -198980.8, -198993.3, -198980.8, -198993.7, -198980.8, 10.1, 12.0, 12.5, 12.9,12.8,0.2, 
12.8,0.2, 
None 
molDWRow_1487, 2, 1, -343788.2, -343783.6, -343788.6, -343783.6, -343789.0, -343783.6, 6.4, 4.6, 5.0, 5.4,5.0,0.2, 
3.6,0.2, 
None 
molDWRow_1488, 2, 2, -343788.2, -343780.6, -343788.6, -343781.0, -343789.0, -343781.4, 1.2, 7.6, 7.6, 7.6,7.4,0.2, 
1.3,0.2, 
None 
molDWRow_1489, 2, 1, -343780.6, -343783.6, -343781.0, -343783.6, -343781.4, -343783.6, 5.2, -3.1, -2.7, -2.2,-2.2,0.2, 
5.4,0.2, 
None 
molDWRow_1490, 1, 1, -487791.3, -487792.7, -487791.3, -487792.7, -487791.3, -487792.7, 3.3, -1.4, -1.4, -1.4,-1.7,0.2, 
-2.8,0.2, 
None 
molDWRow_1491, 1, 1, -391522.0, -391532.9, -391522.0, -391532.9, -391522.0, -391532.9, 1.0, -10.9, -10.9, -10.9,-11.3,0.2, 
0.0,0.2, 
None 
molDWRow_1492, 1, 1, -401584.5, -401592.7, -401584.5, -401592.7, -401584.5, -401592.7, -2.3, -8.2, -8.2, -8.2,-8.1,0.2, 
2.2,0.2, 
None 
molDWRow_1493, 1, 1, -401585.7, -401601.5, -401585.7, -401601.5, -401585.7, -401601.5, -3.4, -15.8, -15.8, -15.8,-16.0,0.2, 
-5.1,0.2, 
None 
molDWRow_1494, 1, 1, -411634.1, -411648.0, -411634.1, -411648.0, -411634.1, -411648.0, -4.9, -13.9, -13.9, -13.9,-13.7,0.2, 
-0.2,0.2, 
None 
molDWRow_1495, 1, 1, -295268.0, -295268.3, -295268.0, -295268.3, -295268.0, -295268.3, 4.8, -0.2, -0.2, -0.2,-0.5,0.2, 
-2.0,0.2, 
None 
molDWRow_1496, 1, 1, -315375.3, -315377.8, -315375.3, -315377.8, -315375.3, -315378.2, -1.1, -2.5, -2.5, -2.9,-2.5,0.2, 
-2.8,0.2, 
None 
molDWRow_1499, 2, 3, -260001.7, -259993.8, -260001.7, -259993.8, -260001.7, -259993.8, -0.0, 7.9, 7.9, 7.9,9.4,0.2, 
2.2,0.2, 
None 
molDWRow_1500, 2, 1, -309077.5, -309081.6, -309077.5, -309081.6, -309077.5, -309081.6, -7.2, -4.1, -4.1, -4.1,-4.1,0.2, 
-4.9,0.2, 
None 
molDWRow_1501, 2, 1, -222865.6, -222864.1, -222865.6, -222864.1, -222865.6, -222864.9, -3.3, 1.5, 1.5, 0.7,1.6,0.2, 
-7.0,0.2, 
None 
molDWRow_1502, 2, 1, -222863.8, -222867.7, -222864.0, -222867.7, -222864.0, -222868.5, -7.0, -3.9, -3.7, -4.5,-3.9,0.2, 
-13.5,0.2, 
None 
molDWRow_1503, 1, 1, -222893.6, -222892.4, -222893.6, -222892.4, -222894.1, -222892.8, -2.2, 1.3, 1.3, 1.3,2.4,0.2, 
-4.4,0.2, 
None 
molDWRow_1504, 2, 1, -222861.9, -222866.2, -222861.9, -222866.2, -222861.9, -222866.6, -4.8, -4.3, -4.3, -4.7,-4.8,0.2, 
-5.2,0.2, 
None 
molDWRow_1505, 2, 1, -309075.5, -309076.0, -309075.8, -309076.0, -309075.8, -309076.0, -6.1, -0.6, -0.2, -0.2,-0.3,0.2, 
-9.6,0.2, 
None 
molDWRow_1506, 1, 1, -309076.0, -309069.6, -309076.0, -309069.6, -309076.0, -309069.6, 2.9, 6.4, 6.4, 6.4,6.8,0.2, 
2.3,0.2, 
None 
molDWRow_1508, 2, 2, -188927.5, -188918.5, -188927.5, -188918.9, -188927.5, -188920.3, -0.0, 9.0, 8.6, 7.3,8.5,0.2, 
6.8,0.2, 
None 
molDWRow_1509, 2, 2, -213548.0, -213536.0, -213548.0, -213536.4, -213549.1, -213537.9, 0.7, 12.1, 11.7, 11.2,10.5,0.2, 
7.7,0.2, 
None 
molDWRow_1510, 2, 2, -333676.1, -333663.0, -333676.1, -333663.4, -333676.5, -333664.2, 1.4, 13.1, 12.7, 12.3,11.6,0.2, 
4.8,0.2, 
None 
molDWRow_1511, 2, 2, -201380.2, -201374.8, -201380.2, -201375.2, -201380.2, -201375.6, 2.7, 5.4, 4.9, 4.5,5.2,0.2, 
3.5,0.2, 
None 
molDWRow_1512, 2, 2, -226007.4, -226003.1, -226007.4, -226003.5, -226008.4, -226004.5, 1.5, 4.3, 3.9, 3.9,4.1,0.2, 
2.8,0.2, 
None 
molDWRow_1513, 2, 1, -238178.3, -238171.3, -238178.3, -238171.3, -238180.4, -238173.8, -2.5, 7.0, 7.0, 6.6,5.3,0.2, 
5.3,0.2, 
None 
molDWRow_1514, 2, 2, -262794.9, -262788.5, -262794.9, -262788.9, -262798.1, -262792.6, -1.8, 6.3, 5.9, 5.5,7.7,0.2, 
7.5,0.2, 
None 
molDWRow_1515, 8, 6, -382920.7, -382913.9, -382921.3, -382914.9, -382923.9, -382917.4, -1.1, 6.8, 6.4, 6.4,6.6,0.2, 
6.6,0.2, 
None 
molDWRow_1516, 2, 1, -226006.5, -226006.6, -226006.7, -226006.6, -226007.7, -226007.7, -1.2, -0.1, 0.0, 0.0,-0.4,0.2, 
-5.6,0.2, 
None 
molDWRow_1517, 1, 2, -238176.1, -238166.3, -238176.1, -238166.7, -238178.7, -238169.3, -2.0, 9.8, 9.4, 9.4,6.6,0.2, 
5.0,0.2, 
None 
molDWRow_1518, 1, 4, -238176.1, -238172.0, -238176.1, -238172.2, -238178.7, -238174.4, 0.4, 4.1, 3.9, 4.3,3.8,0.2, 
-1.8,0.2, 
None 
molDWRow_1519, 1, 2, -226012.0, -226006.5, -226012.0, -226006.7, -226013.5, -226007.7, 1.6, 5.5, 5.3, 5.8,5.1,0.2, 
7.7,0.2, 
None 
molDWRow_1521, 9, 8, -214284.9, -214291.3, -214285.3, -214291.7, -214286.5, -214293.4, -7.0, -6.4, -6.4, -6.8,-6.0,0.2, 
-11.7,0.2, 
None 
molDWRow_1522, 4, 8, -226741.3, -226746.4, -226741.7, -226747.2, -226743.0, -226748.4, -3.7, -5.0, -5.4, -5.4,-4.5,0.2, 
-6.2,0.2, 
None 
molDWRow_1523, 4, 4, -189661.5, -189667.7, -189661.9, -189668.1, -189662.8, -189669.4, -6.1, -6.2, -6.2, -6.6,-6.1,0.2, 
-8.9,0.2, 
None 
molDWRow_1524, 4, 4, -202120.3, -202123.9, -202120.7, -202124.4, -202121.5, -202125.3, -2.9, -3.6, -3.7, -3.7,-4.5,0.2, 
-6.9,0.2, 
None 
molDWRow_1528, 4, 5, -260723.3, -260725.8, -260723.7, -260726.0, -260724.6, -260727.2, -6.1, -2.5, -2.2, -2.7,-1.1,0.2, 
-6.1,0.2, 
None 
molDWRow_1534, 3, 4, -275854.6, -275869.8, -275855.2, -275870.2, -275856.7, -275871.7, -11.7, -15.1, -15.0, -15.0,-15.7,0.2, 
-17.5,0.2, 
None 
molDWRow_1535, 2, 6, -144903.2, -144893.2, -144903.3, -144893.6, -144904.8, -144894.4, 10.6, 10.0, 9.7, 10.4,11.7,0.2, 
8.9,0.2, 
None 
molDWRow_1536, 1, 2, -154231.5, -154223.2, -154231.5, -154223.5, -154232.6, -154224.3, 7.2, 8.3, 8.0, 8.3,8.8,0.2, 
7.7,0.2, 
None 
molDWRow_1537, 1, 1, -192654.2, -192648.6, -192654.2, -192648.6, -192655.0, -192649.4, -2.7, 5.6, 5.6, 5.6,5.5,0.2, 
4.7,0.2, 
None 
molDWRow_1544, 21, 6, -261837.1, -261825.8, -261837.2, -261825.8, -261838.0, -261826.2, 11.5, 11.3, 11.4, 11.8,11.6,0.2, 
20.4,0.2, 
None 
molDWRow_1546, 2, 1, -249919.3, -249909.8, -249919.4, -249909.8, -249919.9, -249910.2, -2.3, 9.5, 9.7, 9.7,9.4,0.2, 
8.8,0.2, 
None 
molDWRow_1547, 23, 8, -289828.6, -289820.5, -289829.2, -289821.0, -289832.0, -289823.8, 1.5, 8.1, 8.2, 8.2,7.7,0.2, 
3.7,0.2, 
None 
molDWRow_155, 5, 4, -217264.1, -217259.0, -217264.7, -217259.8, -217265.9, -217260.3, 1.4, 5.0, 4.8, 5.7,6.6,0.2, 
-2.1,0.2, 
None 
molDWRow_1556, 37, 22, -286636.4, -286619.3, -286638.2, -286620.8, -286639.4, -286622.0, 10.0, 17.1, 17.4, 17.4,17.3,0.2, 
6.7,0.2, 
None 
molDWRow_1559, 26, 9, -276591.6, -276574.5, -276592.5, -276575.3, -276594.4, -276577.2, 2.7, 17.0, 17.2, 17.2,17.4,0.2, 
6.4,0.2, 
None 
molDWRow_1560, 6, 2, -251230.3, -251219.9, -251231.1, -251220.0, -251231.9, -251220.8, 1.8, 10.4, 11.1, 11.1,9.4,0.2, 
-1.4,0.2, 
None 
molDWRow_1568, 7, 9, -265207.1, -265206.9, -265207.6, -265207.3, -265209.9, -265209.6, 2.0, 0.2, 0.3, 0.3,-0.3,0.2, 
1.1,0.2, 
None 
molDWRow_1569, 8, 4, -265207.1, -265207.4, -265207.6, -265207.8, -265209.9, -265210.1, 1.2, -0.3, -0.2, -0.2,-3.4,0.2, 
-0.1,0.2, 
None 
molDWRow_1572, 2, 3, -432334.3, -432333.8, -432334.7, -432333.8, -432335.2, -432334.2, 1.1, 0.6, 1.0, 1.0,1.6,0.2, 
-3.4,0.2, 
None 
molDWRow_1573, 2, 2, -312210.3, -312206.0, -312210.7, -312206.2, -312211.8, -312207.3, 2.6, 4.2, 4.5, 4.5,4.5,0.2, 
1.2,0.2, 
None 
molDWRow_1574, 4, 7, -359366.7, -359360.8, -359367.2, -359361.3, -359368.2, -359362.4, 0.7, 5.9, 5.8, 5.8,6.1,0.2, 
3.5,0.2, 
None 
molDWRow_158, 1, 2, -288916.1, -288924.0, -288916.1, -288924.4, -288916.5, -288924.4, -9.7, -7.9, -8.3, -7.9,-7.4,0.2, 
-10.5,0.2, 
None 
molDWRow_1587, 1, 2, -285175.4, -285162.5, -285175.4, -285162.9, -285175.4, -285162.9, -5.9, 12.9, 12.5, 12.5,13.8,0.2, 
14.9,0.2, 
None 
molDWRow_159, 1, 2, -288913.5, -288924.0, -288913.5, -288924.4, -288914.0, -288924.4, -8.4, -10.5, -10.9, -10.5,-10.3,0.2, 
-12.7,0.2, 
None 
molDWRow_1594, 1, 2, -346162.0, -346156.2, -346162.0, -346156.2, -346162.9, -346156.6, 5.5, 5.9, 5.9, 6.3,5.9,0.2, 
13.4,0.2, 
None 
molDWRow_1595, 2, 2, -370788.2, -370782.7, -370788.6, -370782.7, -370790.0, -370784.2, 3.3, 5.4, 5.9, 5.9,5.9,0.2, 
14.1,0.2, 
None 
molDWRow_1596, 2, 2, -333688.3, -333692.0, -333688.7, -333692.1, -333689.5, -333692.5, 2.7, -3.8, -3.4, -3.0,-1.6,0.2, 
7.6,0.2, 
None 
molDWRow_1597, 5, 5, -358315.5, -358316.1, -358315.6, -358316.2, -358317.1, -358317.6, 0.5, -0.6, -0.6, -0.6,-0.4,0.2, 
7.2,0.2, 
None 
molDWRow_1598, 6, 2, -478437.7, -478440.5, -478438.4, -478440.9, -478439.2, -478441.7, -1.0, -2.8, -2.5, -2.5,-2.9,0.2, 
1.9,0.2, 
None 
molDWRow_1599, 2, 1, -213565.4, -213564.8, -213565.4, -213564.8, -213566.9, -213565.9, 4.1, 0.6, 0.6, 1.0,-0.3,0.2, 
6.7,0.2, 
None 
molDWRow_160, 1, 1, -385180.9, -385177.1, -385180.9, -385177.1, -385181.7, -385177.5, 2.9, 3.8, 3.8, 4.2,2.1,0.2, 
-7.0,0.2, 
None 
molDWRow_1600, 5, 2, -238189.1, -238190.0, -238189.9, -238190.0, -238192.1, -238192.1, 1.9, -0.9, -0.0, -0.0,0.1,0.2, 
7.7,0.2, 
None 
molDWRow_1601, 6, 2, -358312.8, -358316.7, -358313.3, -358317.1, -358314.8, -358318.6, 0.4, -3.9, -3.8, -3.8,-3.3,0.2, 
3.9,0.2, 
None 
molDWRow_1612, 2, 1, -309075.5, -309069.6, -309075.8, -309069.6, -309075.8, -309069.6, -3.3, 5.8, 6.2, 6.2,6.4,0.2, 
-6.2,0.2, 
None 
molDWRow_1613, 1, 1, -222864.8, -222864.1, -222864.8, -222864.1, -222865.3, -222864.9, -2.7, 0.8, 0.8, 0.4,0.3,0.2, 
-6.4,0.2, 
None 
molDWRow_1614, 2, 1, -212818.5, -212818.0, -212818.5, -212818.0, -212818.5, -212818.4, -4.8, 0.5, 0.5, 0.1,0.7,0.2, 
-3.6,0.2, 
None 
molDWRow_1615, 2, 1, -212818.5, -212810.1, -212818.5, -212810.1, -212818.5, -212810.5, -4.2, 8.4, 8.4, 8.0,8.5,0.2, 
-5.2,0.2, 
None 
molDWRow_1616, 2, 1, -309077.5, -309073.2, -309077.5, -309073.2, -309077.5, -309073.2, -5.6, 4.4, 4.4, 4.4,4.0,0.2, 
-5.9,0.2, 
None 
molDWRow_1629, 2, 1, -356260.8, -356274.2, -356260.8, -356274.2, -356260.8, -356275.0, -8.7, -13.3, -13.3, -14.2,-13.2,0.2, 
-8.3,0.2, 
None 
molDWRow_1636, 3, 8, -157796.6, -157792.5, -157796.6, -157793.0, -157800.2, -157796.6, 2.5, 4.1, 3.6, 3.6,3.0,0.2, 
None 
None 
molDWRow_164, 12, 4, -457520.1, -457528.5, -457521.4, -457529.3, -457525.9, -457533.9, 1.4, -8.4, -7.9, -7.9,-7.5,0.2, 
-9.3,0.2, 
None 
molDWRow_1652, 2, 1, -257573.3, -257573.1, -257573.7, -257573.1, -257574.1, -257573.1, 6.1, 0.2, 0.6, 1.0,0.7,0.2, 
4.0,0.2, 
None 
molDWRow_1653, 2, 1, -247526.1, -247520.3, -247526.5, -247520.3, -247526.9, -247520.8, 9.0, 5.7, 6.1, 6.1,6.0,0.2, 
3.6,0.2, 
None 
molDWRow_1654, 2, 1, -247516.5, -247520.3, -247516.9, -247520.3, -247517.3, -247520.8, 9.0, -3.9, -3.5, -3.5,-2.8,0.2, 
4.2,0.2, 
None 
molDWRow_1655, 2, 1, -257560.7, -257577.1, -257561.1, -257577.1, -257561.5, -257577.1, -4.1, -16.4, -16.0, -15.6,-16.5,0.2, 
-6.3,0.2, 
None 
molDWRow_1656, 1, 1, -234262.0, -234257.9, -234262.0, -234257.9, -234262.0, -234257.9, -3.8, 4.1, 4.1, 4.1,4.1,0.2, 
2.9,0.2, 
None 
molDWRow_1657, 1, 1, -254366.8, -254372.3, -254366.8, -254372.3, -254367.3, -254372.7, -2.6, -5.5, -5.5, -5.5,-5.8,0.2, 
-3.0,0.2, 
None 
molDWRow_1658, 2, 2, -306067.8, -306078.1, -306068.2, -306078.5, -306069.0, -306079.7, -8.6, -10.3, -10.3, -10.7,-11.1,0.2, 
-10.1,0.2, 
None 
molDWRow_1659, 2, 2, -306070.1, -306085.8, -306070.5, -306086.2, -306071.4, -306087.0, -4.8, -15.6, -15.6, -15.6,-16.1,0.2, 
-6.0,0.2, 
None 
molDWRow_1660, 1, 1, -315370.0, -315383.7, -315370.0, -315383.7, -315370.0, -315384.2, -8.2, -13.7, -13.7, -14.1,-15.0,0.2, 
-5.7,0.2, 
None 
molDWRow_1669, 2, 4, -236118.2, -236105.2, -236118.6, -236105.6, -236119.4, -236106.0, 9.6, 13.0, 13.0, 13.4,13.4,0.2, 
20.8,0.2, 
None 
molDWRow_1670, 4, 4, -223644.6, -223637.2, -223645.3, -223637.6, -223646.1, -223638.0, 6.8, 7.4, 7.7, 8.1,8.0,0.2, 
14.2,0.2, 
None 
molDWRow_1674, 3, 2, -188937.5, -188938.1, -188937.5, -188938.1, -188937.9, -188938.1, 4.1, -0.7, -0.6, -0.2,-3.8,0.2, 
5.1,0.2, 
None 
molDWRow_175, 1, 2, -287597.5, -287583.5, -287597.5, -287583.6, -287597.9, -287583.6, 7.1, 13.9, 13.8, 14.2,13.3,0.2, 
18.1,0.2, 
None 
molDWRow_176, 1, 1, -275129.2, -275116.9, -275129.2, -275116.9, -275129.6, -275117.3, 8.9, 12.3, 12.3, 12.3,12.6,0.2, 
13.1,0.2, 
None 
molDWRow_179, 2, 2, -178852.5, -178855.3, -178852.9, -178855.6, -178853.7, -178856.1, -0.2, -2.8, -2.7, -2.3,-2.1,0.2, 
-6.5,0.2, 
None 
molDWRow_180, 2, 2, -203469.3, -203472.2, -203469.7, -203472.6, -203471.2, -203473.7, -0.2, -3.0, -2.9, -2.5,-1.5,0.2, 
-8.8,0.2, 
None 
molDWRow_181, 1, 2, -287585.4, -287578.2, -287585.4, -287578.5, -287585.8, -287578.5, 5.5, 7.3, 6.9, 7.3,6.4,0.2, 
0.1,0.2, 
None 
molDWRow_183, 3, 2, -275117.8, -275113.4, -275117.8, -275113.8, -275118.6, -275113.8, 1.5, 4.3, 4.0, 4.8,2.3,0.2, 
-2.5,0.2, 
None 
molDWRow_184, 2, 2, -299733.6, -299731.9, -299734.0, -299732.1, -299735.5, -299733.2, 0.7, 1.7, 1.9, 2.3,1.8,0.2, 
-6.2,0.2, 
None 
molDWRow_192, 4, 1, -490912.4, -490912.0, -490913.1, -490912.0, -490914.0, -490912.8, 1.8, 0.4, 1.2, 1.2,1.0,0.2, 
8.7,0.2, 
None 
molDWRow_200, 5, 4, -315035.4, -315021.6, -315036.0, -315022.1, -315040.7, -315026.1, 9.4, 13.8, 13.9, 14.5,12.8,0.2, 
9.2,0.2, 
None 
molDWRow_203, 6, 6, -432360.1, -432347.5, -432360.8, -432348.4, -432361.2, -432349.2, 13.0, 12.6, 12.4, 12.0,10.5,0.2, 
8.2,0.2, 
None 
molDWRow_227, 2, 1, -277186.4, -277186.2, -277186.8, -277186.2, -277188.7, -277187.7, 3.3, 0.2, 0.6, 1.0,1.0,0.2, 
-1.6,0.2, 
None 
molDWRow_251, 10, 6, -336499.4, -336500.5, -336500.3, -336501.1, -336502.9, -336504.1, -0.0, -1.1, -0.7, -1.2,-0.5,0.2, 
1.4,0.2, 
None 
molDWRow_253, 1, 2, -287260.4, -287264.2, -287260.4, -287264.4, -287261.8, -287265.9, 1.9, -3.9, -4.0, -4.0,-0.5,0.2, 
-4.9,0.2, 
None 
molDWRow_292, 2, 1, -117878.5, -117874.7, -117878.9, -117874.7, -117879.9, -117875.8, 8.2, 3.7, 4.2, 4.2,8.0,0.2, 
-2.7,0.2, 
None 
molDWRow_298, 8, 3, -216711.3, -216711.0, -216711.3, -216711.0, -216714.3, -216713.1, 1.1, 0.3, 0.3, 1.2,-0.1,0.2, 
1.8,0.2, 
None 
molDWRow_30, 4, 2, -169526.0, -169536.7, -169526.7, -169537.2, -169527.9, -169539.2, -10.8, -10.8, -10.5, -11.3,-10.5,0.2, 
-8.2,0.2, 
None 
molDWRow_308, 3, 4, -334940.4, -334929.2, -334940.4, -334929.8, -334943.8, -334932.4, 3.2, 11.2, 10.6, 11.4,11.1,0.2, 
16.7,0.2, 
None 
molDWRow_309, 38, 52, -360305.8, -360293.8, -360307.1, -360294.7, -360310.9, -360297.7, 10.1, 12.1, 12.4, 13.2,9.6,0.2, 
18.5,0.2, 
None 
molDWRow_31, 4, 5, -194150.0, -194160.1, -194150.5, -194160.1, -194152.2, -194162.6, -8.7, -10.2, -9.6, -10.4,-10.7,0.2, 
-5.8,0.2, 
None 
molDWRow_313, 2, 4, -263133.8, -263123.5, -263134.3, -263124.3, -263135.5, -263125.1, 3.2, 10.3, 9.9, 10.3,10.2,0.2, 
10.0,0.2, 
None 
molDWRow_314, 2, 4, -263133.8, -263128.8, -263134.3, -263129.3, -263135.5, -263130.1, -1.7, 5.0, 4.9, 5.3,5.1,0.2, 
2.7,0.2, 
None 
molDWRow_315, 4, 4, -263123.5, -263128.8, -263124.3, -263129.3, -263125.2, -263130.1, -4.1, -5.3, -5.0, -5.0,-4.8,0.2, 
-8.4,0.2, 
None 
molDWRow_32, 21, 15, -218765.0, -218779.0, -218766.2, -218779.3, -218768.2, -218782.2, -10.9, -14.0, -13.2, -14.0,-12.8,0.2, 
-9.2,0.2, 
None 
molDWRow_327, 2, 2, -249919.1, -249923.9, -249919.1, -249923.9, -249919.5, -249924.3, 1.8, -4.7, -4.7, -4.7,-4.7,0.2, 
1.6,0.2, 
None 
molDWRow_331, 1, 2, -346190.9, -346174.1, -346190.9, -346174.1, -346191.3, -346174.5, 2.2, 16.8, 16.8, 16.8,15.6,0.2, 
9.7,0.2, 
None 
molDWRow_35, 7, 8, -265206.8, -265207.1, -265207.3, -265207.6, -265209.6, -265209.9, -2.0, -0.2, -0.4, -0.4,-7.6,0.2, 
-3.5,0.2, 
None 
molDWRow_36, 10, 23, -289829.6, -289828.6, -289830.1, -289829.2, -289832.8, -289832.0, -0.7, 1.1, 0.8, 0.8,0.3,0.2, 
0.3,0.2, 
None 
molDWRow_37, 7, 4, -265206.9, -265207.4, -265207.3, -265207.8, -265209.6, -265210.1, -0.8, -0.5, -0.5, -0.5,-1.1,0.2, 
-0.2,0.2, 
None 
molDWRow_38, 9, 12, -289829.7, -289829.6, -289830.1, -289830.3, -289832.8, -289833.0, 0.8, 0.1, -0.2, -0.2,-0.1,0.2, 
-0.7,0.2, 
None 
molDWRow_386, 14, 12, -393477.0, -393480.7, -393478.0, -393481.3, -393480.6, -393483.9, 1.6, -3.8, -3.3, -3.3,-4.7,0.2, 
6.3,0.2, 
None 
molDWRow_401, 20, 12, -288507.5, -288507.3, -288508.7, -288507.8, -288511.6, -288510.3, 1.4, 0.2, 0.9, 1.3,1.3,0.2, 
2.2,0.2, 
None 
molDWRow_402, 18, 12, -394082.5, -394079.0, -394082.5, -394079.0, -394084.0, -394080.1, 0.1, 3.5, 3.5, 3.9,2.8,0.2, 
0.4,0.2, 
None 
molDWRow_403, 14, 8, -336257.7, -336256.6, -336258.2, -336257.0, -336259.8, -336258.7, 2.2, 1.1, 1.2, 1.2,-3.9,0.2, 
3.1,0.2, 
None 
molDWRow_415, 8, 15, -250658.7, -250640.7, -250659.5, -250641.1, -250661.4, -250642.6, 13.1, 17.9, 18.4, 18.8,19.4,0.2, 
18.2,0.2, 
None 
molDWRow_418, 18, 23, -359550.1, -359549.4, -359551.1, -359549.9, -359554.1, -359552.4, -2.7, 0.7, 1.2, 1.6,1.7,0.2, 
1.7,0.2, 
None 
molDWRow_439, 3, 3, -262786.3, -262787.2, -262786.4, -262787.4, -262788.9, -262789.9, -2.0, -0.9, -1.0, -1.0,-2.2,0.2, 
-4.7,0.2, 
None 
molDWRow_44, 1, 2, -96413.6, -96404.0, -96413.6, -96404.1, -96415.1, -96404.6, 8.5, 9.6, 9.5, 10.5,9.8,0.2, 
10.0,0.2, 
None 
molDWRow_441, 1, 1, -238004.7, -238008.1, -238004.7, -238008.1, -238004.7, -238008.5, -2.3, -3.4, -3.4, -3.8,-3.7,0.2, 
-1.0,0.2, 
None 
molDWRow_45, 1, 7, -241167.6, -241157.9, -241167.6, -241158.2, -241169.1, -241159.0, 10.9, 9.7, 9.4, 10.1,13.1,0.2, 
9.5,0.2, 
None 
molDWRow_46, 5, 2, -145664.0, -145654.8, -145664.2, -145654.8, -145666.7, -145656.9, 10.2, 9.3, 9.4, 9.8,11.5,0.2, 
9.5,0.2, 
None 
molDWRow_47, 3, 2, -145658.1, -145650.4, -145658.6, -145650.7, -145661.5, -145653.3, 5.3, 7.7, 7.9, 8.3,6.9,0.2, 
7.9,0.2, 
None 
molDWRow_48, 6, 2, -170286.4, -170277.0, -170287.1, -170277.0, -170290.7, -170280.6, 10.0, 9.4, 10.1, 10.1,10.2,0.2, 
9.6,0.2, 
None 
molDWRow_49, 4, 4, -290409.9, -290398.9, -290410.7, -290399.4, -290413.7, -290402.3, 8.8, 11.0, 11.4, 11.4,10.8,0.2, 
11.0,0.2, 
None 
molDWRow_50, 3, 1, -241160.8, -241153.9, -241160.9, -241153.9, -241162.2, -241154.3, 4.2, 6.9, 7.0, 7.9,6.0,0.2, 
4.2,0.2, 
None 
molDWRow_504, 3, 4, -358302.6, -358294.8, -358302.7, -358295.1, -358304.6, -358296.6, 0.9, 7.8, 7.5, 7.9,4.9,0.2, 
3.3,0.2, 
None 
molDWRow_505, 3, 2, -358302.6, -358291.9, -358302.7, -358292.2, -358304.6, -358293.7, -1.2, 10.8, 10.4, 10.9,8.0,0.2, 
6.7,0.2, 
None 
molDWRow_506, 5, 2, -358293.9, -358291.9, -358294.7, -358292.2, -358296.2, -358293.7, -2.2, 2.1, 2.5, 2.5,3.6,0.2, 
3.7,0.2, 
None 
molDWRow_507, 6, 4, -445981.5, -445984.1, -445982.1, -445984.2, -445986.8, -445988.4, 0.4, -2.6, -2.1, -1.6,-1.3,0.2, 
1.2,0.2, 
None 
molDWRow_509, 8, 4, -395984.6, -395973.8, -395985.2, -395974.2, -395986.0, -395975.5, 1.4, 10.8, 10.9, 10.5,10.7,0.2, 
0.3,0.2, 
None 
molDWRow_51, 12, 3, -265788.4, -265780.1, -265789.5, -265780.1, -265791.4, -265781.6, 8.7, 8.3, 9.4, 9.8,9.4,0.2, 
5.5,0.2, 
None 
molDWRow_511, 6, 7, -492241.1, -492242.8, -492241.6, -492242.8, -492242.5, -492243.2, 1.8, -1.7, -1.2, -0.8,0.4,0.2, 
-0.5,0.2, 
None 
molDWRow_512, 7, 5, -492241.1, -492237.5, -492241.6, -492237.5, -492242.5, -492237.9, -1.5, 3.7, 4.1, 4.6,5.6,0.2, 
3.3,0.2, 
None 
molDWRow_514, 5, 4, -395983.4, -395964.2, -395984.2, -395964.6, -395985.4, -395965.5, 3.3, 19.2, 19.5, 19.9,20.0,0.2, 
13.2,0.2, 
None 
molDWRow_516, 9, 4, -492239.5, -492219.8, -492240.2, -492220.3, -492241.0, -492221.1, 3.1, 19.7, 19.9, 19.9,15.7,0.2, 
14.7,0.2, 
None 
molDWRow_52, 5, 4, -385915.5, -385905.0, -385915.9, -385905.5, -385917.1, -385906.3, 7.0, 10.5, 10.4, 10.8,8.0,0.2, 
4.0,0.2, 
None 
molDWRow_521, 18, 37, -456775.0, -456772.0, -456776.3, -456773.3, -456780.5, -456777.1, -3.4, 3.0, 3.0, 3.5,3.5,0.2, 
1.4,0.2, 
None 
molDWRow_525, 2, 1, -368379.8, -368382.8, -368380.2, -368382.8, -368381.7, -368383.9, -1.2, -3.1, -2.7, -2.3,-3.2,0.2, 
-2.1,0.2, 
None 
molDWRow_53, 6, 5, -385906.2, -385904.9, -385907.2, -385905.0, -385908.9, -385906.3, -1.3, 1.2, 2.2, 2.6,1.4,0.2, 
-0.5,0.2, 
None 
molDWRow_54, 7, 7, -312942.6, -312937.1, -312943.2, -312937.1, -312945.1, -312938.6, 8.8, 5.5, 6.1, 6.5,6.0,0.2, 
4.9,0.2, 
None 
molDWRow_549, 1, 1, -202738.5, -202734.5, -202738.5, -202734.5, -202738.9, -202736.0, -5.3, 4.0, 4.0, 3.0,3.6,0.2, 
0.6,0.2, 
None 
molDWRow_551, 4, 2, -237443.8, -237435.0, -237444.5, -237435.5, -237444.9, -237436.3, -4.2, 8.8, 9.0, 8.6,8.4,0.2, 
4.7,0.2, 
None 
molDWRow_552, 2, 1, -251992.3, -251987.6, -251992.4, -251987.6, -251995.0, -251990.1, -5.7, 4.7, 4.8, 4.8,2.9,0.2, 
1.3,0.2, 
None 
molDWRow_554, 33, 19, -537675.7, -537671.6, -537676.8, -537672.6, -537680.2, -537675.9, 0.8, 4.1, 4.3, 4.3,1.1,0.2, 
2.5,0.2, 
None 
molDWRow_555, 3, 2, -237436.5, -237434.6, -237436.8, -237435.0, -237437.2, -237435.8, -5.6, 2.0, 1.9, 1.5,2.0,0.2, 
-2.1,0.2, 
None 
molDWRow_558, 2, 1, -227367.9, -227360.7, -227367.9, -227360.7, -227369.0, -227362.1, -5.7, 7.2, 7.2, 6.8,3.9,0.2, 
1.5,0.2, 
None 
molDWRow_559, 2, 1, -227363.1, -227359.1, -227363.3, -227359.1, -227364.4, -227360.6, -5.7, 4.0, 4.2, 3.8,3.5,0.2, 
-1.1,0.2, 
None 
molDWRow_560, 5, 2, -347492.7, -347484.4, -347492.9, -347484.8, -347493.3, -347486.0, -4.0, 8.3, 8.1, 7.3,6.2,0.2, 
5.3,0.2, 
None 
molDWRow_561, 4, 2, -347488.7, -347484.7, -347489.1, -347485.1, -347489.5, -347486.3, -5.3, 4.0, 4.1, 3.2,3.3,0.2, 
0.2,0.2, 
None 
molDWRow_562, 4, 2, -298412.0, -298409.0, -298412.2, -298409.0, -298413.2, -298410.4, -2.7, 3.0, 3.2, 2.8,7.6,0.2, 
4.6,0.2, 
None 
molDWRow_563, 4, 3, -298416.0, -298408.9, -298416.0, -298408.9, -298417.0, -298410.4, -4.9, 7.1, 7.1, 6.7,2.9,0.2, 
-1.0,0.2, 
None 
molDWRow_564, 4, 2, -345583.5, -345580.0, -345583.8, -345580.1, -345584.9, -345581.6, -2.6, 3.5, 3.8, 3.3,1.9,0.2, 
1.9,0.2, 
None 
molDWRow_565, 4, 6, -345589.1, -345582.3, -345589.1, -345582.7, -345590.2, -345584.2, -4.9, 6.8, 6.4, 6.0,10.6,0.2, 
2.8,0.2, 
None 
molDWRow_566, 14, 5, -333121.7, -333119.7, -333121.9, -333119.7, -333122.9, -333121.1, -2.0, 2.1, 2.2, 1.8,1.4,0.2, 
3.2,0.2, 
None 
molDWRow_567, 5, 3, -333113.7, -333115.7, -333113.7, -333115.7, -333114.8, -333117.2, -5.2, -2.0, -2.0, -2.4,-2.2,0.2, 
-3.1,0.2, 
None 
molDWRow_57, 1, 2, -265043.8, -265035.6, -265043.8, -265035.8, -265045.0, -265036.2, 5.2, 8.2, 8.0, 8.9,8.2,0.2, 
7.0,0.2, 
None 
molDWRow_572, 3, 1, -274529.3, -274521.8, -274529.6, -274521.8, -274530.7, -274523.3, -1.5, 7.5, 7.8, 7.4,6.9,0.2, 
8.0,0.2, 
None 
molDWRow_573, 2, 1, -274520.1, -274511.7, -274520.1, -274511.7, -274521.2, -274513.1, -5.3, 8.5, 8.5, 8.0,6.6,0.2, 
1.1,0.2, 
None 
molDWRow_574, 8, 4, -345587.2, -345580.9, -345588.2, -345581.5, -345589.3, -345583.0, -1.2, 6.3, 6.7, 6.3,5.5,0.2, 
6.6,0.2, 
None 
molDWRow_575, 4, 4, -345583.3, -345577.3, -345583.3, -345578.0, -345584.4, -345579.5, -5.0, 6.0, 5.3, 4.9,4.3,0.2, 
0.3,0.2, 
None 
molDWRow_578, 11, 5, -394656.0, -394647.9, -394656.1, -394648.7, -394656.5, -394650.0, -0.7, 8.1, 7.4, 6.6,5.6,0.2, 
5.0,0.3, 
None 
molDWRow_579, 14, 7, -394648.6, -394641.9, -394648.9, -394642.6, -394649.3, -394643.8, -5.2, 6.7, 6.4, 5.5,5.6,0.2, 
0.4,0.2, 
None 
molDWRow_58, 1, 2, -265046.3, -265034.8, -265046.3, -265035.0, -265047.2, -265035.4, 10.2, 11.5, 11.3, 11.7,11.6,0.2, 
6.3,0.2, 
None 
molDWRow_583, 2, 1, -260558.3, -260550.7, -260558.5, -260550.7, -260558.5, -260551.1, 0.1, 7.6, 7.8, 7.3,6.6,0.2, 
4.5,0.2, 
None 
molDWRow_584, 2, 1, -260561.0, -260554.3, -260561.0, -260554.3, -260561.0, -260554.7, -4.8, 6.6, 6.7, 6.2,6.3,0.2, 
-2.6,0.2, 
None 
molDWRow_59, 5, 6, -145664.0, -145651.3, -145664.2, -145652.1, -145666.7, -145654.0, 12.0, 12.7, 12.1, 12.8,13.0,0.2, 
9.1,0.2, 
None 
molDWRow_590, 2, 1, -298996.1, -298995.7, -298996.2, -298995.7, -298996.2, -298996.5, -6.7, 0.5, 0.5, -0.3,-0.5,0.2, 
-1.7,0.2, 
None 
molDWRow_591, 2, 1, -323623.2, -323622.9, -323623.2, -323622.9, -323624.2, -323624.0, -7.1, 0.2, 0.2, 0.2,-1.5,0.2, 
0.4,0.2, 
None 
molDWRow_592, 2, 1, -323620.6, -323620.4, -323620.7, -323620.4, -323621.8, -323621.4, -7.1, 0.2, 0.3, 0.3,-0.8,0.2, 
-2.3,0.2, 
None 
molDWRow_593, 4, 2, -333701.6, -333698.1, -333702.1, -333698.5, -333702.5, -333699.0, -5.6, 3.4, 3.5, 3.5,2.8,0.2, 
2.8,0.2, 
None 
molDWRow_594, 3, 2, -333694.7, -333694.7, -333694.7, -333695.2, -333695.1, -333695.6, -6.8, -0.1, -0.5, -0.5,-0.8,0.2, 
-0.1,0.2, 
None 
molDWRow_595, 6, 2, -443749.1, -443745.9, -443749.7, -443746.3, -443750.2, -443746.7, -5.3, 3.2, 3.5, 3.5,0.7,0.2, 
3.8,0.2, 
None 
molDWRow_596, 4, 2, -443746.2, -443745.4, -443746.6, -443745.8, -443747.0, -443746.2, -6.7, 0.8, 0.8, 0.8,-0.1,0.2, 
-0.5,0.2, 
None 
molDWRow_597, 19, 9, -395400.7, -395400.4, -395400.8, -395401.0, -395402.3, -395402.4, -4.1, 0.3, -0.1, -0.1,-2.4,0.2, 
9.7,0.2, 
None 
molDWRow_598, 15, 7, -395400.9, -395400.2, -395401.4, -395400.7, -395402.9, -395402.2, -6.3, 0.7, 0.7, 0.7,-1.2,0.2, 
-2.0,0.2, 
None 
molDWRow_599, 4, 2, -441840.4, -441841.5, -441840.5, -441841.6, -441841.6, -441842.6, -4.0, -1.1, -1.0, -1.0,-0.7,0.2, 
2.4,0.2, 
None 
molDWRow_600, 5, 4, -441848.0, -441843.9, -441848.0, -441844.0, -441849.1, -441845.1, -6.3, 4.1, 4.0, 4.0,7.6,0.2, 
0.9,0.2, 
None 
molDWRow_601, 30, 24, -430099.0, -430096.8, -430100.1, -430097.4, -430101.5, -430098.9, -3.4, 2.2, 2.7, 2.7,3.4,0.2, 
4.0,0.2, 
None 
molDWRow_602, 21, 13, -430088.6, -430092.5, -430090.0, -430093.3, -430091.5, -430094.8, -6.5, -3.9, -3.3, -3.3,-3.0,0.2, 
-1.3,0.2, 
None 
molDWRow_607, 2, 2, -370787.3, -370784.3, -370787.3, -370784.3, -370788.4, -370785.3, -2.9, 3.0, 3.0, 3.0,3.3,0.2, 
5.7,0.2, 
None 
molDWRow_608, 2, 1, -370777.6, -370772.2, -370777.6, -370772.2, -370778.7, -370773.2, -6.7, 5.5, 5.5, 5.5,4.3,0.2, 
0.2,0.2, 
None 
molDWRow_609, 8, 2, -441845.0, -441843.0, -441845.8, -441843.4, -441846.9, -441844.4, -2.6, 2.1, 2.4, 2.4,1.1,0.2, 
3.0,0.2, 
None 
molDWRow_610, 5, 4, -441839.2, -441837.5, -441839.6, -441838.2, -441840.7, -441839.3, -6.4, 1.7, 1.4, 1.4,1.7,0.2, 
-1.1,0.2, 
None 
molDWRow_613, 12, 6, -490910.8, -490910.5, -490911.5, -490911.5, -490911.9, -490911.9, -2.0, 0.3, -0.0, -0.0,0.1,0.2, 
4.3,0.2, 
None 
molDWRow_614, 7, 8, -490905.3, -490901.0, -490905.3, -490901.7, -490905.7, -490902.2, -6.5, 4.3, 3.6, 3.6,3.5,0.2, 
1.2,0.2, 
None 
molDWRow_619, 2, 1, -356815.2, -356813.1, -356815.2, -356813.1, -356815.2, -356813.1, -1.2, 2.1, 2.2, 2.2,1.5,0.2, 
-3.1,0.2, 
None 
molDWRow_620, 2, 1, -356818.5, -356816.1, -356818.5, -356816.1, -356818.5, -356816.1, -6.1, 2.4, 2.4, 2.4,1.5,0.2, 
-9.1,0.2, 
None 
molDWRow_629, 1, 1, -395250.3, -395258.4, -395250.3, -395258.4, -395250.7, -395259.2, -10.6, -8.1, -8.1, -8.5,-8.9,0.2, 
-3.9,0.2, 
None 
molDWRow_630, 2, 1, -212786.6, -212789.2, -212786.8, -212789.2, -212786.8, -212789.6, -4.2, -2.6, -2.4, -2.8,-2.7,0.2, 
-3.5,0.2, 
None 
molDWRow_631, 2, 1, -309043.2, -309050.6, -309043.2, -309050.6, -309043.2, -309050.6, -5.6, -7.5, -7.4, -7.4,-7.5,0.2, 
-4.3,0.3, 
None 
molDWRow_632, 2, 1, -309069.2, -309059.2, -309069.2, -309059.2, -309069.2, -309059.2, -6.0, 10.0, 10.0, 10.0,9.5,0.2, 
3.5,0.2, 
None 
molDWRow_634, 25, 10, -540148.3, -540148.0, -540149.2, -540148.7, -540151.1, -540150.5, -4.9, 0.3, 0.5, 0.5,0.5,0.2, 
-0.9,0.2, 
None 
molDWRow_644, 2, 1, -452489.2, -452502.3, -452489.3, -452502.3, -452489.3, -452502.7, -8.7, -13.1, -13.0, -13.4,-14.4,0.2, 
-4.7,0.2, 
None 
molDWRow_649, 21, 6, -347658.3, -347647.0, -347659.5, -347647.6, -347661.4, -347649.5, 8.7, 11.3, 11.9, 11.9,11.7,0.2, 
2.9,0.2, 
None 
molDWRow_66, 3, 2, -385167.6, -385170.2, -385168.0, -385170.2, -385168.8, -385170.6, -1.7, -2.6, -2.2, -1.8,-2.0,0.2, 
-3.8,0.2, 
None 
molDWRow_67, 3, 2, -409796.8, -409794.2, -409796.8, -409794.6, -409798.3, -409796.1, 3.1, 2.6, 2.2, 2.2,3.8,0.2, 
-0.8,0.2, 
None 
molDWRow_68, 3, 4, -529921.8, -529916.2, -529921.8, -529916.9, -529922.6, -529917.7, 2.6, 5.6, 4.9, 4.9,2.0,0.2, 
-2.7,0.2, 
None 
molDWRow_708, 18, 27, -418696.2, -418699.6, -418697.2, -418700.0, -418699.1, -418701.5, -2.7, -3.4, -2.9, -2.4,-1.8,0.2, 
-1.0,0.2, 
None 
molDWRow_735, 13, 10, -525784.6, -525770.5, -525785.5, -525771.1, -525788.5, -525773.6, 1.4, 14.1, 14.4, 14.8,5.3,0.2, 
5.8,0.2, 
None 
molDWRow_77, 1, 2, -307197.1, -307185.7, -307197.1, -307185.7, -307197.9, -307186.1, 2.3, 11.5, 11.5, 11.9,10.3,0.2, 
15.8,0.2, 
None 
molDWRow_78, 2, 2, -331818.7, -331811.4, -331819.1, -331811.4, -331820.5, -331812.4, 1.6, 7.3, 7.7, 8.1,8.0,0.2, 
10.7,0.2, 
None 
molDWRow_79, 10, 7, -356440.6, -356432.0, -356441.3, -356432.4, -356443.2, -356433.9, 1.9, 8.6, 8.9, 9.3,9.7,0.2, 
13.8,0.2, 
None 
molDWRow_80, 12, 7, -381063.7, -381053.6, -381064.7, -381054.0, -381067.7, -381056.5, 3.4, 10.1, 10.7, 11.1,11.3,0.2, 
14.1,0.2, 
None 
molDWRow_81, 4, 6, -451942.7, -451938.0, -451943.3, -451938.3, -451944.1, -451938.7, -0.1, 4.7, 5.0, 5.4,4.7,0.2, 
8.0,0.2, 
None 
molDWRow_84, 4, 4, -289832.3, -289827.3, -289832.6, -289827.8, -289836.8, -289831.2, -1.8, 5.0, 4.7, 5.6,6.3,0.2, 
2.4,0.2, 
None 
molDWRow_85, 29, 13, -339077.5, -339072.8, -339077.9, -339074.0, -339083.2, -339078.9, -2.9, 4.7, 3.9, 4.3,3.1,0.2, 
2.3,0.2, 
None 
molDWRow_853, 27, 9, -396721.1, -396708.3, -396722.0, -396708.8, -396723.2, -396710.0, 1.4, 12.8, 13.2, 13.2,12.0,0.2, 
5.3,0.2, 
None 
molDWRow_895, 25, 16, -611218.2, -611209.6, -611219.0, -611210.5, -611220.9, -611212.4, -4.9, 8.6, 8.5, 8.5,7.9,0.2, 
4.8,0.2, 
None 
molDWRow_916, 2, 2, -292861.6, -292856.7, -292862.0, -292857.1, -292862.4, -292857.5, 1.4, 4.9, 4.9, 4.9,4.8,0.2, 
1.1,0.2, 
None 
molDWRow_919, 1, 2, -317468.9, -317450.7, -317468.9, -317451.2, -317470.0, -317452.6, -0.8, 18.2, 17.8, 17.4,18.0,0.2, 
4.8,0.2, 
None 
molDWRow_933, 1, 2, -292877.2, -292870.3, -292877.2, -292870.7, -292877.6, -292871.2, 1.6, 6.8, 6.4, 6.4,6.9,0.2, 
0.4,0.2, 
None 
molDWRow_948, 1, 2, -317480.0, -317475.2, -317480.0, -317475.6, -317481.0, -317477.1, -2.7, 4.8, 4.4, 4.0,4.2,0.2, 
-3.0,0.2, 
None 
molDWRow_954, 3, 1, -286517.5, -286518.3, -286517.5, -286518.3, -286517.9, -286518.7, -1.8, -0.8, -0.8, -0.8,-1.7,0.2, 
-1.8,0.2, 
None 
molDWRow_967, 1, 1, -355149.0, -355152.6, -355149.0, -355152.6, -355150.0, -355153.7, 4.4, -3.7, -3.7, -3.7,-3.3,0.2, 
-0.1,0.2, 
None 
molDWRow_973, 2, 2, -155730.0, -155749.5, -155730.0, -155749.5, -155732.1, -155752.0, -12.4, -19.5, -19.5, -19.9,-16.9,0.2, 
-17.4,0.2, 
None 
molDWRow_974, 6, 4, -204230.2, -204241.9, -204230.6, -204242.3, -204232.2, -204244.4, -10.4, -11.7, -11.7, -12.2,-12.6,0.2, 
-11.9,0.2, 
None 
molDWRow_975, 3, 2, -179608.5, -179620.8, -179608.9, -179621.2, -179610.1, -179622.9, -9.6, -12.3, -12.3, -12.7,-12.6,0.2, 
-13.7,0.2, 
None 
molDWRow_978, 4, 2, -203474.8, -203485.7, -203475.2, -203486.1, -203476.0, -203487.4, -9.7, -10.9, -11.0, -11.4,-11.7,0.2, 
-10.6,0.2, 
None 
molDWRow_979, 4, 2, -203477.8, -203488.1, -203478.2, -203488.5, -203479.0, -203489.7, -7.5, -10.3, -10.3, -10.7,-10.4,0.2, 
-12.2,0.2, 
None 
molDWRow_980, 2, 1, -178849.9, -178864.1, -178849.9, -178864.1, -178850.3, -178864.9, -6.7, -14.2, -14.2, -14.6,-13.9,0.2, 
-12.8,0.2, 
None 
molDWRow_981, 2, 1, -178853.2, -178864.3, -178853.2, -178864.3, -178853.6, -178865.1, -8.9, -11.1, -11.1, -11.5,-11.2,0.2, 
-7.5,0.3, 
None 
molDWRow_982, 2, 1, -202745.3, -202744.0, -202745.3, -202744.0, -202745.3, -202745.5, -4.8, 1.3, 1.3, -0.1,1.4,0.2, 
-4.0,0.2, 
None 
molDWRow_983, 4, 1, -227371.8, -227367.8, -227372.1, -227367.8, -227373.2, -227369.3, -4.9, 4.0, 4.3, 3.9,0.7,0.2, 
-5.2,0.2, 
None 
molDWRow_984, 2, 1, -227373.3, -227371.2, -227373.3, -227371.2, -227374.4, -227372.7, -4.9, 2.2, 2.2, 1.7,-0.3,0.2, 
-4.3,0.2, 
None 
molDWRow_985, 3, 1, -274533.5, -274530.5, -274533.5, -274530.5, -274534.6, -274532.0, -2.0, 3.0, 3.0, 2.6,3.8,0.2, 
1.5,0.2, 
None 
molDWRow_986, 2, 2, -249916.2, -249920.1, -249916.2, -249920.1, -249916.2, -249920.5, -4.0, -3.9, -3.9, -4.3,-3.6,0.2, 
-2.6,0.2, 
None 
molDWRow_987, 2, 2, -249923.8, -249919.1, -249923.9, -249919.1, -249924.3, -249919.5, -1.8, 4.7, 4.7, 4.7,5.3,0.2, 
-0.3,0.2, 
None 
molDWRow_995, 4, 2, -237445.8, -237445.2, -237446.3, -237445.6, -237446.7, -237446.5, -7.4, 0.6, 0.6, 0.2,0.1,0.2, 
-3.4,0.2, 
None 
molDWRow_996, 4, 2, -237449.6, -237445.9, -237450.1, -237446.3, -237450.5, -237447.1, -4.5, 3.8, 3.8, 3.4,4.1,0.2, 
-1.0,0.2, 
None 
molDWRow_997, 2, 1, -299002.9, -299005.4, -299002.9, -299005.4, -299002.9, -299006.3, -6.1, -2.5, -2.5, -3.3,-2.9,0.2, 
-6.7,0.2, 
None 
molDWRow_999, 2, 1, -299002.8, -299006.2, -299002.8, -299006.2, -299002.8, -299007.1, -7.2, -3.5, -3.5, -4.3,-3.9,0.2, 
-7.8,0.2, 
None 
