name, b3lyp-t1-min-confs, b3lyp-t2-min-confs, min-G-t1, min-G-t2, confs-bw-G-t1, confs-bw-G-t1, confs-bw-rot-G-t1, confs-bw-rot-G-t1, exp-dG, min-dG, confs-bw-dG, confs-bw-rot-dG 
SAMPLmol2, SAMPLmol2, 2, 1, -299002.9, -299005.4, -299002.9, -299005.4, -299002.9, -299006.3, -6.1, -2.5, -2.5, -3.3 
-2.9 
SAMPLmol4, 2, 1, -299000.3, -298997.7, -299000.3, -298997.7, -299000.3, -298998.5, -2.3, 2.6, 2.6, 1.8 
2.5 
molDWRow_1000, 2, 1, -212811.0, -212807.7, -212811.0, -212807.7, -212811.0, -212808.1, -2.6, 3.3, 3.3, 2.9 
3.7 
molDWRow_1001, 2, 1, -309070.3, -309071.4, -309070.3, -309071.4, -309070.3, -309071.4, -3.7, -1.1, -1.1, -1.1 
-1.8 
molDWRow_1002, 2, 1, -472824.7, -472822.7, -472824.7, -472822.7, -472826.8, -472824.8, 1.0, 2.0, 2.0, 2.0 
2.5 
molDWRow_1003, 2, 1, -212793.7, -212798.9, -212793.7, -212798.9, -212793.7, -212799.3, -7.0, -5.2, -5.2, -5.6 
-5.4 
molDWRow_1005, 2, 1, -309052.9, -309062.4, -309052.9, -309062.4, -309052.9, -309062.4, -9.3, -9.5, -9.5, -9.5 
-10.2 
molDWRow_1006, 2, 1, -309048.5, -309052.6, -309048.5, -309052.6, -309048.5, -309052.6, -4.2, -4.0, -4.0, -4.0 
-4.4 
molDWRow_1010, 2, 1, -423589.3, -423585.7, -423589.3, -423585.7, -423589.3, -423585.7, 1.0, 3.7, 3.7, 3.7 
4.0 
molDWRow_1034, 2, 1, -260000.0, -260011.2, -260000.0, -260011.2, -260000.0, -260012.6, -6.3, -11.1, -11.1, -12.6 
-11.1 
molDWRow_1035, 2, 1, -260001.7, -260011.2, -260001.7, -260011.2, -260001.7, -260012.6, -7.9, -9.5, -9.5, -11.0 
-10.3 
molDWRow_1036, 2, 1, -356263.9, -356274.2, -356263.9, -356274.2, -356263.9, -356275.0, -9.3, -10.2, -10.2, -11.1 
-11.1 
molDWRow_104, 1, 2, -121042.1, -121031.1, -121042.1, -121031.1, -121044.6, -121032.6, 11.8, 11.0, 10.9, 12.0 
12.3 
molDWRow_105, 5, 7, -170287.7, -170273.9, -170287.8, -170274.4, -170291.4, -170277.4, 11.7, 13.8, 13.4, 14.0 
13.8 
molDWRow_1056, 1, 1, -213552.6, -213549.5, -213552.6, -213549.5, -213554.0, -213550.6, -0.0, 3.0, 3.0, 3.5 
2.2 
molDWRow_1057, 1, 2, -213552.6, -213545.5, -213552.6, -213545.9, -213554.0, -213547.4, -2.9, 7.1, 6.7, 6.7 
5.7 
molDWRow_1058, 1, 2, -213549.5, -213545.5, -213549.5, -213545.9, -213550.6, -213547.4, -2.9, 4.0, 3.6, 3.2 
3.7 
molDWRow_1059, 2, 2, -213552.5, -213545.5, -213552.5, -213545.9, -213553.5, -213547.4, -1.2, 7.0, 6.6, 6.2 
6.6 
molDWRow_106, 2, 3, -194907.8, -194897.3, -194908.2, -194897.5, -194913.5, -194902.1, 12.0, 10.5, 10.7, 11.4 
13.5 
molDWRow_1060, 1, 2, -213549.5, -213552.5, -213549.5, -213552.5, -213550.6, -213553.6, -1.6, -3.0, -3.0, -3.0 
-3.2 
molDWRow_1064, 5, 2, -238172.7, -238166.3, -238172.7, -238166.7, -238174.9, -238169.3, -2.3, 6.4, 6.0, 5.6 
2.7 
molDWRow_107, 5, 4, -194160.1, -194150.0, -194160.1, -194150.5, -194162.6, -194152.2, 9.1, 10.1, 9.6, 10.4 
10.0 
molDWRow_1072, 2, 2, -250631.7, -250629.9, -250631.7, -250629.9, -250633.8, -250632.1, 0.3, 1.7, 1.7, 1.7 
3.2 
molDWRow_108, 2, 4, -289669.1, -289660.3, -289669.5, -289660.7, -289670.7, -289661.5, 10.0, 8.8, 8.8, 9.2 
9.1 
molDWRow_1081, 1, 2, -272140.5, -272144.0, -272140.5, -272144.4, -272142.0, -272145.9, -5.6, -3.5, -3.9, -3.9 
-3.4 
molDWRow_1082, 4, 8, -306816.4, -306814.9, -306817.0, -306815.3, -306818.9, -306816.8, -2.0, 1.5, 1.7, 2.1 
4.2 
molDWRow_1083, 2, 8, -319281.9, -319273.8, -319281.9, -319274.5, -319283.4, -319275.6, 1.5, 8.1, 7.3, 7.8 
8.7 
molDWRow_109, 2, 4, -169536.7, -169526.0, -169537.2, -169526.7, -169539.2, -169527.9, 11.2, 10.8, 10.5, 11.3 
10.6 
molDWRow_110, 2, 11, -312950.5, -312941.0, -312950.9, -312941.0, -312953.5, -312942.9, 12.0, 9.5, 9.9, 10.5 
12.8 
molDWRow_1102, 2, 1, -356239.6, -356234.7, -356239.6, -356234.7, -356239.6, -356235.6, -1.4, 4.8, 4.8, 4.0 
4.7 
molDWRow_1106, 2, 2, -390939.7, -390936.8, -390940.2, -390936.8, -390941.0, -390937.2, 2.3, 2.9, 3.3, 3.7 
3.8 
molDWRow_113, 6, 11, -384568.3, -384573.1, -384568.3, -384573.2, -384568.7, -384574.0, 8.0, -4.8, -4.8, -5.3 
8.7 
molDWRow_114, 4, 5, -395973.4, -395983.9, -395973.9, -395984.4, -395974.7, -395985.6, 4.2, -10.5, -10.5, -10.9 
9.1 
molDWRow_115, 8, 12, -395974.0, -395984.4, -395974.8, -395985.0, -395975.2, -395985.8, 5.7, -10.4, -10.2, -10.6 
9.5 
molDWRow_116, 7, 15, -395981.7, -395987.4, -395981.7, -395987.7, -395982.1, -395988.5, 4.6, -5.7, -6.0, -6.4 
-1.0 
molDWRow_117, 7, 16, -406047.3, -406053.2, -406047.3, -406053.2, -406047.7, -406054.1, 4.0, -5.9, -5.9, -6.3 
8.5 
molDWRow_1181, 1, 2, -190254.3, -190269.8, -190254.3, -190270.3, -190254.8, -190270.7, 8.9, -15.5, -15.9, -15.9 
15.9 
molDWRow_1182, 1, 3, -335003.5, -335013.8, -335003.5, -335014.4, -335004.8, -335014.8, 6.3, -10.2, -10.9, -10.0 
10.9 
molDWRow_1183, 1, 8, -285934.5, -285948.3, -285934.5, -285948.3, -285936.0, -285949.4, 4.5, -13.8, -13.8, -13.4 
17.1 
molDWRow_1188, 1, 2, -286516.6, -286527.7, -286516.6, -286528.1, -286516.6, -286528.5, 6.3, -11.0, -11.4, -11.9 
11.1 
molDWRow_119, 8, 8, -395973.6, -395983.5, -395974.4, -395984.0, -395974.9, -395984.9, 6.6, -9.9, -9.6, -10.0 
8.8 
molDWRow_1190, 1, 2, -286516.1, -286526.2, -286516.1, -286526.6, -286516.1, -286527.1, 5.6, -10.2, -10.6, -11.0 
11.0 
molDWRow_1191, 1, 3, -382777.8, -382787.9, -382777.8, -382787.9, -382777.8, -382788.3, 4.2, -10.1, -10.1, -10.5 
7.8 
molDWRow_1192, 1, 2, -296563.9, -296574.4, -296563.9, -296574.8, -296563.9, -296575.2, 12.3, -10.5, -10.9, -11.3 
10.9 
molDWRow_1193, 1, 1, -200323.2, -200346.1, -200323.2, -200346.1, -200323.2, -200346.9, 10.2, -22.9, -22.9, -23.8 
23.7 
molDWRow_1195, 1, 2, -200309.8, -200318.0, -200309.8, -200318.5, -200309.8, -200318.9, 5.6, -8.3, -8.7, -9.1 
8.9 
molDWRow_1196, 1, 2, -296572.7, -296576.5, -296572.7, -296576.9, -296572.7, -296577.4, -0.7, -3.8, -4.2, -4.7 
5.0 
molDWRow_120, 4, 3, -395974.3, -395984.4, -395974.8, -395984.6, -395975.6, -395985.9, 6.0, -10.1, -9.9, -10.3 
9.2 
molDWRow_1201, 1, 2, -296584.5, -296596.2, -296584.5, -296596.6, -296584.5, -296597.0, 11.6, -11.7, -12.2, -12.6 
11.8 
molDWRow_121, 7, 7, -395986.1, -395984.6, -395986.1, -395985.1, -395986.5, -395986.0, 2.7, 1.5, 1.0, 0.6 
1.1 
molDWRow_122, 7, 10, -406051.9, -406051.6, -406051.9, -406052.3, -406052.3, -406053.2, 2.8, 0.3, -0.5, -0.9 
4.9 
molDWRow_1225, 2, 4, -286670.0, -286680.3, -286670.4, -286681.1, -286672.1, -286683.6, 5.9, -10.2, -10.7, -11.5 
10.5 
molDWRow_1228, 1, 2, -297337.8, -297345.6, -297337.8, -297346.0, -297338.8, -297347.5, 3.5, -7.9, -8.3, -8.7 
7.2 
molDWRow_1229, 6, 10, -490578.1, -490586.7, -490578.9, -490587.9, -490580.7, -490590.3, 4.8, -8.6, -9.1, -9.5 
8.5 
molDWRow_1230, 1, 2, -393593.5, -393600.1, -393593.5, -393600.5, -393594.6, -393601.9, 3.0, -6.5, -6.9, -7.3 
6.2 
molDWRow_1231, 1, 2, -393593.9, -393602.4, -393593.9, -393602.8, -393595.0, -393604.3, 3.8, -8.4, -8.8, -9.3 
8.4 
molDWRow_1232, 7, 2, -343735.3, -343744.0, -343735.6, -343744.0, -343736.0, -343744.4, 5.5, -8.8, -8.4, -8.4 
5.6 
molDWRow_1233, 1, 2, -343744.4, -343749.7, -343744.4, -343750.1, -343744.8, -343750.9, 7.5, -5.2, -5.6, -6.1 
6.1 
molDWRow_1234, 1, 4, -368358.9, -368364.5, -368358.9, -368365.1, -368360.3, -368366.6, 8.2, -5.6, -6.2, -6.2 
6.2 
molDWRow_1235, 3, 3, -488488.5, -488496.2, -488489.0, -488496.3, -488489.8, -488497.2, 4.9, -7.6, -7.4, -7.4 
4.7 
molDWRow_1239, 1, 2, -343734.7, -343746.8, -343734.7, -343747.2, -343735.2, -343748.0, 8.9, -12.0, -12.4, -12.8 
13.1 
molDWRow_1240, 1, 4, -368348.8, -368361.4, -368348.8, -368361.9, -368350.3, -368363.4, 9.4, -12.6, -13.1, -13.1 
13.6 
molDWRow_1241, 1, 2, -186522.1, -186534.2, -186522.1, -186534.6, -186522.1, -186535.0, 8.9, -12.1, -12.5, -12.9 
12.9 
molDWRow_1242, 1, 2, -221193.2, -221203.4, -221193.2, -221203.8, -221194.3, -221205.3, 10.1, -10.2, -10.6, -11.0 
10.9 
molDWRow_1243, 1, 4, -245805.8, -245819.1, -245805.8, -245819.2, -245808.0, -245821.3, 13.1, -13.3, -13.3, -13.3 
12.0 
molDWRow_1249, 5, 6, -214318.5, -214322.0, -214318.5, -214322.0, -214320.7, -214324.6, -3.8, -3.5, -3.5, -3.9 
-0.5 
molDWRow_1250, 9, 7, -224399.3, -224400.4, -224399.9, -224401.5, -224401.3, -224403.8, -4.2, -1.0, -1.7, -2.5 
0.8 
molDWRow_1254, 5, 7, -297504.8, -297498.7, -297505.2, -297499.8, -297508.2, -297502.8, -3.7, 6.1, 5.4, 5.4 
-8.7 
molDWRow_126, 12, 8, -492231.1, -492239.5, -492231.6, -492240.0, -492232.0, -492240.8, 5.7, -8.4, -8.4, -8.8 
7.2 
molDWRow_1321, 8, 15, -311313.0, -311306.2, -311313.0, -311306.6, -311315.5, -311309.1, 0.4, 6.8, 6.4, 6.4 
6.5 
molDWRow_1322, 4, 11, -478440.6, -478431.6, -478441.0, -478432.4, -478442.2, -478433.6, 0.5, 9.0, 8.6, 8.6 
9.5 
molDWRow_1324, 15, 21, -346017.2, -346015.5, -346017.7, -346016.1, -346020.6, -346019.0, -4.5, 1.8, 1.6, 1.6 
1.5 
molDWRow_1341, 3, 1, -262072.8, -262071.9, -262072.8, -262071.9, -262075.0, -262074.0, -2.7, 0.9, 0.9, 0.9 
-1.0 
molDWRow_1342, 2, 1, -237447.7, -237446.9, -237447.7, -237446.9, -237448.8, -237448.0, -2.5, 0.8, 0.8, 0.8 
-0.4 
molDWRow_1343, 3, 1, -309225.2, -309224.5, -309225.6, -309224.5, -309227.7, -309226.6, -2.5, 0.7, 1.1, 1.1 
-1.4 
molDWRow_1344, 8, 3, -343209.1, -343210.1, -343209.1, -343210.1, -343210.6, -343211.5, -1.8, -1.0, -1.0, -1.0 
-4.3 
molDWRow_1345, 12, 6, -404917.5, -404913.8, -404918.0, -404914.5, -404920.6, -404917.0, -1.9, 3.7, 3.6, 3.6 
2.6 
molDWRow_1346, 3, 1, -295268.0, -295266.2, -295268.0, -295266.2, -295269.1, -295267.3, -1.6, 1.8, 1.8, 1.8 
-0.2 
molDWRow_1347, 3, 1, -262072.8, -262066.2, -262072.8, -262066.2, -262075.0, -262068.3, -2.7, 6.6, 6.6, 6.6 
7.2 
molDWRow_1348, 2, 1, -237447.7, -237438.6, -237447.7, -237438.6, -237448.8, -237439.6, -2.6, 9.1, 9.1, 9.1 
7.3 
molDWRow_1349, 3, 1, -309225.2, -309214.9, -309225.6, -309214.9, -309227.7, -309217.0, -2.4, 10.3, 10.7, 10.7 
6.1 
molDWRow_1350, 8, 3, -343209.1, -343203.7, -343209.1, -343203.7, -343210.6, -343205.2, -1.9, 5.4, 5.4, 5.4 
2.3 
molDWRow_1351, 12, 7, -404917.5, -404907.2, -404918.0, -404907.3, -404920.6, -404909.9, -1.7, 10.3, 10.7, 10.7 
8.7 
molDWRow_1352, 3, 1, -295268.0, -295257.9, -295268.0, -295257.9, -295269.1, -295258.9, -1.5, 10.1, 10.1, 10.1 
7.8 
molDWRow_1353, 1, 1, -262071.9, -262066.2, -262071.9, -262066.2, -262074.1, -262068.3, 0.1, 5.7, 5.7, 5.7 
8.3 
molDWRow_1354, 1, 1, -237446.9, -237438.6, -237446.9, -237438.6, -237448.0, -237439.6, -0.1, 8.4, 8.4, 8.4 
7.8 
molDWRow_1355, 1, 1, -309224.5, -309214.9, -309224.5, -309214.9, -309226.6, -309217.0, 0.1, 9.6, 9.6, 9.6 
7.6 
molDWRow_1356, 3, 3, -343210.1, -343203.7, -343210.1, -343203.7, -343211.5, -343205.2, -0.0, 6.4, 6.4, 6.4 
6.5 
molDWRow_1357, 6, 7, -404913.8, -404907.2, -404914.5, -404907.3, -404917.0, -404909.8, 0.2, 6.6, 7.2, 7.2 
7.6 
molDWRow_1358, 1, 1, -295266.2, -295257.9, -295266.2, -295257.9, -295267.2, -295258.9, 0.1, 8.3, 8.3, 8.3 
8.1 
molDWRow_1365, 2, 2, -257571.6, -257573.3, -257572.0, -257573.7, -257572.4, -257574.1, -3.3, -1.7, -1.7, -1.7 
-2.3 
molDWRow_1366, 2, 2, -282199.2, -282200.8, -282199.7, -282201.2, -282201.1, -282202.7, -3.2, -1.5, -1.5, -1.5 
-1.6 
molDWRow_1367, 1, 2, -257573.1, -257571.6, -257573.1, -257572.0, -257573.1, -257572.4, 3.6, 1.4, 1.0, 0.6 
-0.5 
molDWRow_1368, 1, 2, -282200.4, -282199.2, -282200.4, -282199.7, -282201.5, -282201.1, 2.8, 1.2, 0.8, 0.3 
-1.2 
molDWRow_1370, 2, 1, -392277.6, -392274.4, -392278.0, -392274.4, -392278.8, -392275.3, 5.9, 3.2, 3.6, 3.6 
None 
molDWRow_1377, 1, 1, -401589.2, -401595.0, -401589.2, -401595.0, -401589.2, -401595.4, -2.2, -5.8, -5.8, -6.2 
None 
molDWRow_1378, 1, 1, -391529.5, -391531.3, -391529.5, -391531.3, -391529.5, -391531.3, 2.2, -1.8, -1.8, -1.8 
None 
molDWRow_1379, 1, 1, -401592.3, -401590.4, -401592.3, -401590.4, -401592.3, -401590.4, -1.1, 1.8, 1.8, 1.8 
None 
molDWRow_1380, 2, 2, -436250.7, -436248.0, -436251.1, -436248.4, -436251.6, -436248.8, -3.7, 2.7, 2.7, 2.7 
None 
molDWRow_1381, 1, 2, -186522.1, -186527.0, -186522.1, -186527.4, -186522.1, -186527.8, 7.5, -4.8, -5.3, -5.7 
5.2 
molDWRow_1384, 1, 2, -188923.7, -188933.0, -188923.7, -188933.4, -188923.7, -188934.2, 7.0, -9.3, -9.7, -10.5 
10.1 
molDWRow_1385, 2, 1, -176465.4, -176455.1, -176465.8, -176455.1, -176466.2, -176455.6, 4.2, 10.3, 10.7, 10.7 
10.7 
molDWRow_141, 1, 5, -192084.7, -192079.2, -192084.7, -192079.2, -192087.3, -192080.7, 6.6, 5.5, 5.5, 6.6 
12.0 
molDWRow_1411, 1, 1, -212818.4, -212815.1, -212818.4, -212815.1, -212818.8, -212815.5, -3.0, 3.3, 3.3, 3.3 
3.8 
molDWRow_1413, 2, 3, -247518.7, -247525.3, -247519.2, -247526.0, -247520.0, -247526.4, -3.5, -6.6, -6.8, -6.4 
-7.5 
molDWRow_1414, 1, 2, -247522.7, -247518.7, -247522.7, -247519.2, -247523.1, -247520.0, 2.0, 3.9, 3.5, 3.1 
-4.2 
molDWRow_1415, 1, 2, -247522.7, -247525.3, -247522.7, -247525.8, -247523.1, -247526.2, 5.6, -2.6, -3.1, -3.1 
3.5 
molDWRow_1422, 2, 3, -248272.0, -248272.2, -248272.5, -248272.2, -248273.3, -248273.4, 1.6, -0.1, 0.3, -0.1 
-2.6 
molDWRow_1423, 2, 2, -257560.7, -257579.4, -257561.1, -257579.8, -257561.5, -257580.2, -7.5, -18.7, -18.7, -18.7 
-19.8 
molDWRow_1424, 1, 2, -257577.1, -257579.4, -257577.1, -257579.8, -257577.1, -257580.2, 2.7, -2.3, -2.7, -3.1 
3.4 
molDWRow_1450, 1, 2, -284263.6, -284284.7, -284263.6, -284285.1, -284266.1, -284288.1, 8.2, -21.1, -21.5, -21.9 
21.6 
molDWRow_1451, 1, 1, -200325.7, -200347.5, -200325.7, -200347.5, -200325.7, -200347.9, 8.9, -21.7, -21.7, -22.2 
19.0 
molDWRow_1452, 1, 2, -235035.2, -235053.8, -235035.2, -235054.2, -235035.6, -235055.0, 8.0, -18.6, -19.0, -19.4 
22.5 
molDWRow_1453, 2, 2, -235031.7, -235053.8, -235032.1, -235054.2, -235032.5, -235055.0, 7.6, -22.1, -22.1, -22.5 
21.8 
molDWRow_1454, 1, 3, -284263.4, -284286.0, -284263.4, -284286.1, -284265.9, -284289.1, 8.0, -22.6, -22.8, -23.2 
21.2 
molDWRow_1455, 3, 6, -259647.8, -259669.0, -259648.2, -259669.7, -259649.3, -259671.2, 7.8, -21.2, -21.5, -21.9 
23.2 
molDWRow_1456, 2, 6, -259645.7, -259669.0, -259646.1, -259669.7, -259647.6, -259671.2, 7.4, -23.3, -23.6, -23.6 
23.6 
molDWRow_1465, 1, 2, -262641.2, -262644.4, -262641.2, -262644.8, -262641.6, -262645.6, -1.9, -3.2, -3.6, -4.0 
-3.6 
molDWRow_1484, 2, 1, -272727.3, -272719.7, -272727.7, -272719.7, -272728.1, -272720.1, 3.1, 7.5, 8.0, 8.0 
8.3 
molDWRow_1485, 1, 2, -198980.8, -198992.9, -198980.8, -198993.3, -198980.8, -198993.7, 10.1, -12.0, -12.5, -12.9 
12.7 
molDWRow_1487, 1, 2, -343783.6, -343788.2, -343783.6, -343788.6, -343783.6, -343789.0, 6.4, -4.6, -5.0, -5.4 
5.1 
molDWRow_1488, 2, 2, -343788.2, -343780.6, -343788.6, -343781.0, -343789.0, -343781.4, 1.2, 7.6, 7.6, 7.6 
7.6 
molDWRow_1489, 1, 2, -343783.6, -343780.6, -343783.6, -343781.0, -343783.6, -343781.4, 5.2, 3.1, 2.7, 2.2 
-1.9 
molDWRow_1490, 1, 1, -487791.3, -487792.7, -487791.3, -487792.7, -487791.3, -487792.7, 3.3, -1.4, -1.4, -1.4 
None 
molDWRow_1491, 1, 1, -391522.0, -391532.9, -391522.0, -391532.9, -391522.0, -391532.9, 1.0, -10.9, -10.9, -10.9 
-11.3 
molDWRow_1492, 1, 1, -401584.5, -401592.7, -401584.5, -401592.7, -401584.5, -401592.7, -2.3, -8.2, -8.2, -8.2 
-7.8 
molDWRow_1493, 1, 1, -401585.7, -401601.5, -401585.7, -401601.5, -401585.7, -401601.5, -3.4, -15.8, -15.8, -15.8 
-16.5 
molDWRow_1494, 1, 1, -411634.1, -411648.0, -411634.1, -411648.0, -411634.1, -411648.0, -4.9, -13.9, -13.9, -13.9 
-13.5 
molDWRow_1495, 1, 1, -295268.0, -295268.3, -295268.0, -295268.3, -295268.0, -295268.3, 4.8, -0.2, -0.2, -0.2 
-1.0 
molDWRow_1496, 1, 1, -315375.3, -315377.8, -315375.3, -315377.8, -315375.3, -315378.2, -1.1, -2.5, -2.5, -2.9 
-2.6 
molDWRow_1499, 2, 3, -260001.7, -259993.8, -260001.7, -259993.8, -260001.7, -259993.8, -0.0, 7.9, 7.9, 7.9 
9.2 
molDWRow_1500, 2, 1, -309077.5, -309081.6, -309077.5, -309081.6, -309077.5, -309081.6, -7.2, -4.1, -4.1, -4.1 
-4.2 
molDWRow_1501, 2, 1, -222865.6, -222864.1, -222865.6, -222864.1, -222865.6, -222864.9, -3.3, 1.5, 1.5, 0.7 
1.4 
molDWRow_1502, 2, 1, -222863.8, -222867.7, -222864.0, -222867.7, -222864.0, -222868.5, -7.0, -3.9, -3.7, -4.5 
-4.2 
molDWRow_1503, 1, 1, -222893.6, -222892.4, -222893.6, -222892.4, -222894.1, -222892.8, -2.2, 1.3, 1.3, 1.3 
2.2 
molDWRow_1504, 2, 1, -222861.9, -222866.2, -222861.9, -222866.2, -222861.9, -222866.6, -4.8, -4.3, -4.3, -4.7 
-4.4 
molDWRow_1505, 2, 1, -309075.5, -309076.0, -309075.8, -309076.0, -309075.8, -309076.0, -6.1, -0.6, -0.2, -0.2 
-0.7 
molDWRow_1506, 1, 1, -309076.0, -309069.6, -309076.0, -309069.6, -309076.0, -309069.6, 2.9, 6.4, 6.4, 6.4 
6.6 
molDWRow_1508, 2, 2, -188927.5, -188918.5, -188927.5, -188918.9, -188927.5, -188920.3, -0.0, 9.0, 8.6, 7.3 
8.7 
molDWRow_1509, 2, 2, -213547.9, -213536.0, -213547.9, -213536.4, -213549.0, -213537.9, 0.7, 11.9, 11.5, 11.1 
10.2 
molDWRow_1510, 2, 2, -333675.8, -333663.0, -333675.8, -333663.4, -333676.3, -333664.2, 1.4, 12.8, 12.5, 12.0 
11.7 
molDWRow_1511, 2, 2, -201380.2, -201374.8, -201380.2, -201375.2, -201380.2, -201375.6, 2.7, 5.4, 4.9, 4.5 
5.4 
molDWRow_1512, 2, 2, -226007.4, -226003.1, -226007.4, -226003.5, -226008.4, -226004.5, 1.5, 4.3, 3.9, 3.9 
4.4 
molDWRow_1513, 2, 2, -238178.2, -238172.2, -238178.2, -238172.4, -238180.3, -238175.0, -2.5, 6.0, 5.7, 5.3 
5.7 
molDWRow_1514, 2, 2, -262794.8, -262788.6, -262794.8, -262788.7, -262798.1, -262792.3, -1.8, 6.3, 6.1, 5.7 
7.8 
molDWRow_1515, 8, 6, -382920.8, -382914.0, -382921.4, -382914.8, -382923.9, -382917.4, -1.1, 6.8, 6.5, 6.5 
6.6 
molDWRow_1516, 2, 1, -226006.6, -226006.6, -226006.7, -226006.6, -226007.7, -226007.7, -1.2, -0.1, 0.0, 0.0 
-0.4 
molDWRow_1517, 1, 2, -238176.1, -238166.3, -238176.1, -238166.7, -238178.7, -238169.3, -2.0, 9.8, 9.4, 9.4 
6.6 
molDWRow_1518, 1, 6, -238176.1, -238172.6, -238176.1, -238172.7, -238178.7, -238174.8, 0.4, 3.5, 3.4, 3.8 
3.8 
molDWRow_1519, 1, 2, -226012.0, -226006.5, -226012.0, -226006.7, -226013.5, -226007.7, 1.6, 5.5, 5.4, 5.8 
4.6 
molDWRow_1521, 9, 8, -214284.9, -214291.3, -214285.3, -214291.7, -214286.5, -214293.4, -7.0, -6.4, -6.4, -6.8 
-6.2 
molDWRow_1522, 4, 8, -226741.3, -226746.4, -226741.7, -226747.2, -226743.0, -226748.4, -3.7, -5.0, -5.4, -5.4 
-5.7 
molDWRow_1523, 4, 4, -189661.5, -189667.7, -189661.9, -189668.1, -189662.8, -189669.4, -6.1, -6.2, -6.2, -6.6 
-6.6 
molDWRow_1524, 4, 4, -202120.3, -202123.9, -202120.7, -202124.4, -202121.5, -202125.3, -2.9, -3.6, -3.7, -3.7 
-4.4 
molDWRow_1528, 4, 5, -260723.3, -260726.2, -260723.7, -260726.3, -260724.6, -260727.5, -6.1, -2.9, -2.6, -3.0 
-1.4 
molDWRow_1534, 3, 4, -275854.6, -275869.8, -275855.2, -275870.2, -275856.7, -275871.7, -11.7, -15.2, -15.0, -15.0 
-15.7 
molDWRow_1535, 2, 6, -144903.2, -144893.2, -144903.3, -144893.6, -144904.8, -144894.4, 10.6, 10.0, 9.7, 10.4 
11.8 
molDWRow_1536, 1, 2, -154231.5, -154223.2, -154231.5, -154223.5, -154232.6, -154224.3, 7.2, 8.3, 8.0, 8.3 
8.7 
molDWRow_1537, 1, 1, -192654.2, -192648.6, -192654.2, -192648.6, -192655.0, -192649.4, -2.7, 5.6, 5.6, 5.6 
5.2 
molDWRow_1544, 22, 6, -261835.0, -261825.8, -261835.6, -261825.8, -261836.4, -261826.2, 11.5, 9.2, 9.8, 10.2 
10.9 
molDWRow_1546, 2, 1, -249919.3, -249909.8, -249919.4, -249909.8, -249919.9, -249910.2, -2.3, 9.5, 9.7, 9.7 
9.8 
molDWRow_1547, 8, 23, -289820.5, -289828.6, -289821.0, -289829.2, -289823.7, -289832.0, 1.5, -8.1, -8.2, -8.2 
7.7 
molDWRow_155, 5, 4, -217264.1, -217259.0, -217264.7, -217259.8, -217265.9, -217260.2, 1.4, 5.0, 4.8, 5.7 
6.8 
molDWRow_1556, 22, 37, -286619.3, -286636.4, -286620.8, -286638.2, -286622.0, -286639.4, 10.0, -17.1, -17.4, -17.4 
17.4 
molDWRow_1559, 9, 26, -276574.5, -276591.6, -276575.3, -276592.5, -276577.2, -276594.4, 2.7, -17.0, -17.2, -17.2 
17.9 
molDWRow_1560, 2, 6, -251219.9, -251230.3, -251220.0, -251231.1, -251220.8, -251231.9, 1.8, -10.4, -11.1, -11.1 
10.9 
molDWRow_1568, 7, 9, -265207.1, -265206.9, -265207.6, -265207.3, -265209.9, -265209.6, 2.0, 0.2, 0.3, 0.3 
-1.0 
molDWRow_1569, 4, 8, -265207.4, -265207.1, -265207.8, -265207.6, -265210.1, -265209.9, 1.2, 0.3, 0.2, 0.2 
-3.6 
molDWRow_1572, 2, 3, -432334.3, -432333.7, -432334.7, -432333.8, -432335.2, -432334.2, 1.1, 0.6, 1.0, 1.0 
0.5 
molDWRow_1573, 2, 2, -312210.3, -312206.0, -312210.7, -312206.2, -312211.8, -312207.3, 2.6, 4.2, 4.5, 4.5 
4.6 
molDWRow_1574, 4, 7, -359366.7, -359360.9, -359367.2, -359361.3, -359368.2, -359362.4, 0.7, 5.9, 5.8, 5.8 
5.3 
molDWRow_158, 1, 2, -288916.1, -288924.0, -288916.1, -288924.1, -288916.5, -288924.1, -9.7, -7.8, -8.0, -7.6 
-7.7 
molDWRow_159, 1, 2, -288913.5, -288924.0, -288913.5, -288924.1, -288914.0, -288924.1, -8.4, -10.4, -10.6, -10.2 
-10.0 
molDWRow_1594, 1, 2, -346162.0, -346156.2, -346162.0, -346156.2, -346162.9, -346156.6, 5.5, 5.9, 5.9, 6.3 
6.0 
molDWRow_1595, 2, 2, -370788.2, -370782.7, -370788.6, -370782.7, -370790.0, -370784.2, 3.3, 5.5, 5.9, 5.9 
5.6 
molDWRow_1596, 2, 2, -333688.3, -333692.0, -333688.7, -333692.0, -333689.5, -333692.4, 2.7, -3.7, -3.3, -2.9 
-1.2 
molDWRow_1597, 5, 5, -358315.7, -358316.1, -358315.7, -358316.1, -358317.2, -358317.6, 0.5, -0.4, -0.4, -0.4 
-0.9 
molDWRow_1598, 6, 2, -478437.7, -478440.5, -478438.4, -478440.9, -478439.2, -478441.7, -1.0, -2.7, -2.5, -2.5 
-2.9 
molDWRow_1599, 2, 1, -213565.6, -213564.8, -213565.6, -213564.8, -213567.1, -213565.9, 4.1, 0.8, 0.8, 1.2 
-0.5 
molDWRow_160, 1, 1, -385181.7, -385177.1, -385181.7, -385177.1, -385182.6, -385177.5, 2.9, 4.7, 4.7, 5.1 
1.5 
molDWRow_1600, 5, 2, -238189.1, -238190.0, -238189.9, -238190.0, -238192.1, -238192.1, 1.9, -0.9, -0.0, -0.0 
-0.0 
molDWRow_1601, 4, 2, -358312.8, -358316.7, -358313.2, -358317.1, -358314.7, -358318.6, 0.4, -3.9, -3.9, -3.9 
-3.1 
molDWRow_1610, 1, 2, -199014.4, -199007.6, -199014.4, -199007.8, -199014.8, -199008.2, 5.3, 6.7, 6.6, 6.6 
None 
molDWRow_1612, 2, 1, -309075.5, -309069.6, -309075.8, -309069.6, -309075.8, -309069.6, -3.3, 5.8, 6.2, 6.2 
6.5 
molDWRow_1613, 1, 1, -222864.8, -222864.1, -222864.8, -222864.1, -222865.3, -222864.9, -2.7, 0.8, 0.8, 0.4 
0.3 
molDWRow_1614, 2, 1, -212818.5, -212818.0, -212818.5, -212818.0, -212818.5, -212818.4, -4.8, 0.5, 0.5, 0.1 
1.0 
molDWRow_1615, 2, 1, -212818.5, -212810.1, -212818.5, -212810.1, -212818.5, -212810.5, -4.2, 8.4, 8.4, 8.0 
8.5 
molDWRow_1616, 2, 1, -309077.5, -309073.2, -309077.5, -309073.2, -309077.5, -309073.2, -5.6, 4.4, 4.4, 4.4 
3.6 
molDWRow_1629, 2, 1, -356260.8, -356274.2, -356260.8, -356274.2, -356260.8, -356275.0, -8.7, -13.3, -13.3, -14.2 
-13.7 
molDWRow_164, 10, 4, -457520.1, -457528.5, -457521.3, -457529.3, -457525.8, -457533.9, 1.4, -8.4, -8.0, -8.0 
-7.4 
molDWRow_1652, 1, 2, -257573.1, -257573.3, -257573.1, -257573.7, -257573.1, -257574.1, 6.1, -0.2, -0.6, -1.0 
1.1 
molDWRow_1653, 1, 2, -247520.3, -247526.1, -247520.3, -247526.5, -247520.8, -247526.9, 9.0, -5.7, -6.2, -6.2 
5.8 
molDWRow_1654, 1, 2, -247520.3, -247516.5, -247520.3, -247516.9, -247520.8, -247517.3, 9.0, 3.9, 3.5, 3.5 
-2.9 
molDWRow_1655, 1, 2, -257577.1, -257560.7, -257577.1, -257561.1, -257577.1, -257561.5, -4.1, 16.4, 16.0, 15.6 
-16.8 
molDWRow_1656, 1, 1, -234262.0, -234257.9, -234262.0, -234257.9, -234262.0, -234257.9, -3.8, 4.1, 4.1, 4.1 
4.4 
molDWRow_1657, 1, 1, -254366.8, -254372.3, -254366.8, -254372.3, -254367.2, -254372.7, -2.6, -5.5, -5.5, -5.5 
-5.7 
molDWRow_1658, 2, 2, -306067.8, -306078.1, -306068.2, -306078.5, -306069.0, -306079.7, -8.6, -10.3, -10.3, -10.7 
-10.6 
molDWRow_1659, 2, 2, -306070.1, -306085.8, -306070.5, -306086.2, -306071.4, -306087.0, -4.8, -15.6, -15.6, -15.6 
-16.2 
molDWRow_1660, 1, 1, -315370.0, -315383.7, -315370.0, -315383.7, -315370.0, -315384.2, -8.2, -13.7, -13.7, -14.1 
-14.4 
molDWRow_1669, 2, 4, -236118.2, -236105.2, -236118.6, -236105.6, -236119.4, -236106.0, 9.6, 13.0, 13.0, 13.4 
13.2 
molDWRow_1670, 4, 4, -223644.6, -223637.2, -223645.3, -223637.6, -223646.1, -223638.0, 6.8, 7.4, 7.7, 8.1 
7.9 
molDWRow_1674, 3, 2, -188937.5, -188938.1, -188937.5, -188938.1, -188937.9, -188938.1, 4.1, -0.6, -0.6, -0.2 
-3.4 
molDWRow_175, 1, 2, -287597.5, -287583.5, -287597.5, -287583.6, -287597.9, -287583.6, 7.1, 13.9, 13.8, 14.2 
14.1 
molDWRow_176, 1, 1, -275129.2, -275116.9, -275129.2, -275116.9, -275129.6, -275117.3, 8.9, 12.3, 12.3, 12.3 
13.2 
molDWRow_179, 2, 2, -178852.5, -178855.3, -178852.9, -178855.6, -178853.7, -178856.1, -0.2, -2.8, -2.7, -2.3 
-1.9 
molDWRow_180, 2, 2, -203469.3, -203472.2, -203469.7, -203472.6, -203471.1, -203473.7, -0.2, -3.0, -2.9, -2.5 
-1.7 
molDWRow_181, 1, 2, -287585.4, -287578.2, -287585.4, -287578.5, -287585.8, -287578.5, 5.5, 7.3, 6.9, 7.3 
6.7 
molDWRow_183, 3, 2, -275117.7, -275113.4, -275117.7, -275113.8, -275118.5, -275113.8, 1.5, 4.3, 3.9, 4.7 
1.8 
molDWRow_184, 2, 2, -299733.6, -299731.9, -299734.0, -299732.1, -299735.5, -299733.2, 0.7, 1.7, 1.9, 2.3 
2.0 
molDWRow_192, 4, 1, -490912.4, -490912.0, -490913.1, -490912.0, -490914.0, -490912.8, 1.8, 0.4, 1.2, 1.2 
1.5 
molDWRow_200, 5, 4, -315035.4, -315021.6, -315036.0, -315022.1, -315040.6, -315026.1, 9.4, 13.7, 13.9, 14.5 
14.1 
molDWRow_203, 6, 6, -432360.1, -432347.5, -432360.8, -432348.4, -432361.2, -432349.2, 13.0, 12.6, 12.4, 12.0 
10.2 
molDWRow_227, 2, 1, -277186.4, -277186.2, -277186.8, -277186.2, -277188.7, -277187.7, 3.3, 0.2, 0.6, 1.0 
0.8 
molDWRow_251, 6, 10, -336500.6, -336499.4, -336501.1, -336500.3, -336504.1, -336502.9, -0.0, 1.1, 0.8, 1.2 
-0.4 
molDWRow_253, 1, 2, -287260.3, -287264.6, -287260.3, -287264.6, -287261.8, -287266.1, 1.9, -4.2, -4.3, -4.3 
-0.1 
molDWRow_292, 2, 1, -117878.5, -117874.7, -117878.9, -117874.7, -117879.9, -117875.8, 8.2, 3.7, 4.1, 4.1 
11.5 
molDWRow_298, 3, 7, -216711.0, -216709.8, -216711.0, -216710.3, -216713.1, -216713.2, 1.1, 1.1, 0.7, -0.1 
0.9 
molDWRow_30, 4, 2, -169526.0, -169536.7, -169526.7, -169537.2, -169527.9, -169539.2, -10.8, -10.8, -10.5, -11.3 
-10.4 
molDWRow_308, 3, 4, -334940.4, -334929.2, -334940.4, -334929.8, -334943.8, -334932.4, 3.2, 11.2, 10.6, 11.4 
11.7 
molDWRow_309, 52, 38, -360293.8, -360305.8, -360294.7, -360307.1, -360297.7, -360310.9, 10.1, -12.1, -12.4, -13.2 
9.3 
molDWRow_31, 4, 5, -194150.0, -194160.1, -194150.5, -194160.1, -194152.2, -194162.6, -8.7, -10.2, -9.6, -10.4 
-9.3 
molDWRow_313, 2, 4, -263133.8, -263123.5, -263134.3, -263124.3, -263135.5, -263125.1, 3.2, 10.3, 9.9, 10.3 
9.7 
molDWRow_314, 2, 4, -263133.8, -263128.8, -263134.3, -263129.3, -263135.5, -263130.2, -1.7, 5.0, 4.9, 5.3 
5.9 
molDWRow_315, 4, 4, -263123.5, -263128.8, -263124.3, -263129.3, -263125.1, -263130.1, -4.1, -5.3, -5.0, -5.0 
-4.6 
molDWRow_32, 21, 14, -218765.0, -218779.2, -218766.2, -218779.3, -218768.2, -218782.2, -10.9, -14.2, -13.1, -13.9 
-13.1 
molDWRow_327, 2, 2, -249919.1, -249923.9, -249919.1, -249923.9, -249919.5, -249924.3, 1.8, -4.7, -4.7, -4.7 
-4.2 
molDWRow_331, 2, 2, -346190.9, -346174.1, -346191.0, -346174.1, -346191.4, -346174.5, 2.2, 16.9, 16.9, 16.9 
16.0 
molDWRow_35, 7, 8, -265206.8, -265207.1, -265207.3, -265207.6, -265209.6, -265209.9, -2.0, -0.3, -0.4, -0.4 
-7.7 
molDWRow_36, 10, 23, -289829.6, -289828.6, -289830.1, -289829.2, -289832.8, -289832.0, -0.7, 1.1, 0.8, 0.8 
0.8 
molDWRow_37, 4, 7, -265207.4, -265206.9, -265207.8, -265207.3, -265210.1, -265209.6, -0.8, 0.6, 0.5, 0.5 
-0.2 
molDWRow_38, 12, 9, -289829.6, -289829.7, -289830.3, -289830.1, -289833.0, -289832.8, 0.8, -0.1, 0.2, 0.2 
0.6 
molDWRow_386, 14, 12, -393477.2, -393480.7, -393478.1, -393481.3, -393480.6, -393483.9, 1.6, -3.5, -3.2, -3.2 
-4.7 
molDWRow_401, 12, 20, -288507.3, -288507.7, -288507.8, -288508.8, -288510.3, -288511.7, 1.4, -0.4, -1.0, -1.4 
1.4 
molDWRow_402, 12, 17, -394079.0, -394079.7, -394079.0, -394080.5, -394080.1, -394082.0, 0.1, -0.7, -1.5, -1.9 
1.6 
molDWRow_403, 14, 8, -336257.7, -336256.6, -336258.2, -336257.0, -336259.8, -336258.7, 2.2, 1.1, 1.2, 1.2 
-4.4 
molDWRow_415, 15, 8, -250640.7, -250658.7, -250641.1, -250659.5, -250642.6, -250661.4, 13.1, -17.9, -18.4, -18.8 
19.5 
molDWRow_418, 23, 18, -359549.4, -359550.1, -359549.9, -359551.1, -359552.4, -359554.0, -2.7, -0.7, -1.2, -1.6 
2.4 
molDWRow_439, 3, 3, -262786.4, -262787.2, -262786.4, -262787.4, -262789.0, -262789.9, -2.0, -0.9, -1.0, -1.0 
-1.3 
molDWRow_44, 1, 2, -96413.6, -96404.0, -96413.6, -96404.1, -96415.1, -96404.6, 8.5, 9.6, 9.5, 10.5 
9.6 
molDWRow_441, 1, 1, -238004.7, -238008.1, -238004.7, -238008.1, -238004.7, -238008.5, -2.3, -3.4, -3.4, -3.8 
-3.8 
molDWRow_45, 1, 6, -241167.6, -241157.9, -241167.6, -241158.3, -241169.1, -241159.1, 10.9, 9.7, 9.3, 9.9 
12.7 
molDWRow_46, 2, 5, -145654.8, -145664.0, -145654.8, -145664.2, -145656.9, -145666.7, 10.2, -9.3, -9.4, -9.8 
11.0 
molDWRow_47, 3, 2, -145658.1, -145650.4, -145658.6, -145650.7, -145661.5, -145653.3, 5.3, 7.7, 7.9, 8.3 
7.0 
molDWRow_48, 5, 2, -170287.7, -170277.0, -170287.8, -170277.0, -170291.4, -170280.6, 10.0, 10.7, 10.8, 10.8 
10.2 
molDWRow_49, 4, 4, -290409.9, -290398.9, -290410.7, -290399.4, -290413.7, -290402.3, 8.8, 11.0, 11.4, 11.4 
11.5 
molDWRow_50, 1, 3, -241153.9, -241160.1, -241153.9, -241160.4, -241154.3, -241161.7, 4.2, -6.3, -6.6, -7.4 
6.1 
molDWRow_504, 3, 5, -358302.4, -358295.1, -358302.4, -358295.6, -358304.3, -358297.1, 0.9, 7.3, 6.8, 7.3 
4.7 
molDWRow_505, 3, 2, -358302.4, -358291.8, -358302.4, -358292.2, -358304.3, -358293.7, -1.2, 10.6, 10.2, 10.6 
8.2 
molDWRow_506, 5, 2, -358295.2, -358291.8, -358295.4, -358292.1, -358296.9, -358293.6, -2.2, 3.4, 3.3, 3.3 
3.4 
molDWRow_507, 4, 6, -445984.1, -445981.5, -445984.2, -445982.1, -445988.4, -445986.8, 0.4, 2.6, 2.1, 1.6 
-0.7 
molDWRow_509, 4, 8, -395973.8, -395984.6, -395974.2, -395985.2, -395975.5, -395986.0, 1.4, -10.8, -10.9, -10.5 
10.7 
molDWRow_51, 3, 12, -265780.1, -265788.4, -265780.1, -265789.5, -265781.6, -265791.4, 8.7, -8.4, -9.4, -9.8 
9.8 
molDWRow_511, 7, 6, -492242.7, -492241.1, -492242.7, -492241.6, -492243.2, -492242.5, 1.8, 1.6, 1.1, 0.7 
0.3 
molDWRow_512, 4, 7, -492235.4, -492241.1, -492235.8, -492241.6, -492236.2, -492242.5, -1.5, -5.8, -5.8, -6.2 
7.2 
molDWRow_52, 4, 5, -385905.0, -385915.2, -385905.5, -385915.5, -385906.3, -385916.7, 7.0, -10.2, -10.0, -10.4 
8.7 
molDWRow_521, 18, 37, -456775.1, -456772.0, -456776.3, -456773.3, -456780.5, -456777.1, -3.4, 3.0, 3.1, 3.5 
4.1 
molDWRow_525, 2, 1, -368379.8, -368382.8, -368380.2, -368382.8, -368381.7, -368383.9, -1.2, -3.1, -2.7, -2.3 
-2.9 
molDWRow_53, 5, 5, -385906.2, -385904.9, -385907.1, -385905.0, -385908.8, -385906.3, -1.3, 1.2, 2.1, 2.5 
2.1 
molDWRow_54, 7, 7, -312937.1, -312942.6, -312937.1, -312943.2, -312938.6, -312945.1, 8.8, -5.5, -6.1, -6.5 
6.2 
molDWRow_549, 1, 1, -202738.5, -202734.5, -202738.5, -202734.5, -202738.9, -202736.0, -5.3, 4.0, 4.0, 3.0 
4.0 
molDWRow_551, 4, 2, -237443.8, -237435.1, -237444.5, -237435.5, -237444.9, -237436.3, -4.2, 8.8, 9.0, 8.6 
7.9 
molDWRow_552, 2, 1, -251993.5, -251987.6, -251993.5, -251987.6, -251996.1, -251990.1, -5.7, 5.9, 6.0, 6.0 
2.8 
molDWRow_554, 33, 19, -537675.7, -537671.6, -537676.8, -537672.6, -537680.2, -537675.9, 0.8, 4.1, 4.3, 4.3 
None 
molDWRow_555, 3, 2, -237436.5, -237434.5, -237436.8, -237435.0, -237437.2, -237435.8, -5.6, 2.0, 1.9, 1.5 
2.0 
molDWRow_558, 2, 1, -227367.8, -227360.7, -227367.8, -227360.7, -227368.9, -227362.1, -5.7, 7.2, 7.2, 6.8 
3.8 
molDWRow_559, 2, 1, -227363.1, -227359.1, -227363.3, -227359.1, -227364.4, -227360.6, -5.7, 4.0, 4.1, 3.7 
3.2 
molDWRow_560, 6, 2, -347492.9, -347484.4, -347493.4, -347484.8, -347493.8, -347486.0, -4.0, 8.6, 8.6, 7.8 
6.0 
molDWRow_561, 4, 2, -347488.6, -347484.7, -347489.1, -347485.1, -347489.5, -347486.3, -5.3, 4.0, 4.1, 3.2 
3.3 
molDWRow_562, 4, 2, -298412.0, -298409.0, -298412.2, -298409.0, -298413.2, -298410.4, -2.7, 3.0, 3.2, 2.8 
9.3 
molDWRow_563, 4, 3, -298416.0, -298408.9, -298416.0, -298408.9, -298417.0, -298410.4, -4.9, 7.1, 7.1, 6.7 
5.2 
molDWRow_564, 4, 2, -345583.5, -345580.0, -345583.8, -345580.1, -345584.9, -345581.6, -2.6, 3.5, 3.8, 3.3 
1.7 
molDWRow_565, 4, 7, -345589.1, -345582.3, -345589.1, -345582.7, -345590.2, -345584.1, -4.9, 6.8, 6.5, 6.1 
11.0 
molDWRow_566, 14, 5, -333121.7, -333120.1, -333121.8, -333120.1, -333122.9, -333121.5, -2.0, 1.7, 1.8, 1.4 
0.5 
molDWRow_567, 5, 3, -333113.7, -333115.7, -333113.8, -333115.7, -333114.8, -333117.2, -5.2, -2.0, -1.9, -2.4 
-0.8 
molDWRow_57, 1, 2, -265043.8, -265035.6, -265043.8, -265035.8, -265045.0, -265036.2, 5.2, 8.2, 8.0, 8.9 
7.8 
molDWRow_572, 3, 1, -274529.3, -274521.8, -274529.6, -274521.8, -274530.7, -274523.3, -1.5, 7.5, 7.8, 7.4 
7.7 
molDWRow_573, 2, 1, -274520.1, -274511.7, -274520.1, -274511.7, -274521.2, -274513.1, -5.3, 8.5, 8.5, 8.0 
7.3 
molDWRow_574, 9, 4, -345589.0, -345583.2, -345589.1, -345583.2, -345590.2, -345584.7, -1.2, 5.8, 5.9, 5.5 
5.1 
molDWRow_575, 4, 4, -345581.5, -345577.3, -345581.9, -345578.0, -345583.0, -345579.5, -5.0, 4.2, 3.9, 3.5 
4.4 
molDWRow_578, 12, 5, -394656.2, -394647.9, -394656.4, -394648.7, -394656.8, -394649.9, -0.7, 8.2, 7.7, 6.9 
5.3 
molDWRow_579, 14, 7, -394648.5, -394641.9, -394648.8, -394642.6, -394649.2, -394643.8, -5.2, 6.6, 6.3, 5.4 
5.6 
molDWRow_58, 1, 2, -265046.3, -265034.8, -265046.3, -265035.0, -265047.2, -265035.4, 10.2, 11.5, 11.3, 11.8 
11.4 
molDWRow_583, 2, 1, -260558.3, -260550.7, -260558.5, -260550.7, -260558.5, -260551.1, 0.1, 7.6, 7.8, 7.3 
7.0 
molDWRow_584, 2, 1, -260561.0, -260554.3, -260561.0, -260554.3, -260561.0, -260554.7, -4.8, 6.6, 6.7, 6.2 
5.8 
molDWRow_59, 5, 6, -145664.0, -145651.3, -145664.2, -145652.1, -145666.7, -145654.0, 12.0, 12.7, 12.1, 12.8 
12.9 
molDWRow_590, 2, 1, -298996.1, -298995.7, -298996.2, -298995.7, -298996.2, -298996.5, -6.7, 0.5, 0.5, -0.3 
0.3 
molDWRow_591, 2, 1, -323623.7, -323622.9, -323623.7, -323622.9, -323624.8, -323624.0, -7.1, 0.8, 0.8, 0.8 
-1.3 
molDWRow_592, 2, 1, -323620.6, -323620.4, -323620.7, -323620.4, -323621.8, -323621.4, -7.1, 0.2, 0.3, 0.3 
-0.7 
molDWRow_593, 4, 2, -333701.6, -333698.1, -333702.1, -333698.5, -333702.5, -333699.0, -5.6, 3.4, 3.5, 3.5 
2.5 
molDWRow_594, 3, 2, -333694.7, -333694.7, -333694.7, -333695.2, -333695.1, -333695.6, -6.8, -0.1, -0.5, -0.5 
-1.2 
molDWRow_595, 6, 2, -443751.0, -443745.9, -443751.1, -443746.3, -443751.5, -443746.7, -5.3, 5.1, 4.8, 4.8 
0.5 
molDWRow_596, 4, 2, -443746.2, -443745.4, -443746.6, -443745.8, -443747.0, -443746.2, -6.7, 0.8, 0.8, 0.8 
-0.7 
molDWRow_597, 19, 8, -395400.6, -395400.9, -395400.7, -395401.1, -395402.2, -395402.5, -4.1, -0.3, -0.3, -0.3 
-2.8 
molDWRow_598, 15, 7, -395400.9, -395400.1, -395401.4, -395400.7, -395402.9, -395402.2, -6.3, 0.8, 0.7, 0.7 
-1.6 
molDWRow_599, 4, 2, -441840.4, -441841.5, -441840.5, -441841.6, -441841.6, -441842.6, -4.0, -1.1, -1.0, -1.0 
-0.9 
molDWRow_600, 5, 2, -441848.0, -441843.1, -441848.0, -441843.2, -441849.1, -441844.2, -6.3, 4.9, 4.9, 4.9 
7.7 
molDWRow_601, 30, 24, -430099.0, -430096.8, -430100.1, -430097.4, -430101.5, -430098.9, -3.4, 2.2, 2.7, 2.7 
3.1 
molDWRow_602, 21, 13, -430088.6, -430092.5, -430090.0, -430093.3, -430091.5, -430094.8, -6.5, -3.9, -3.3, -3.3 
-2.4 
molDWRow_607, 2, 2, -370787.3, -370784.3, -370787.3, -370784.3, -370788.4, -370785.3, -2.9, 3.0, 3.0, 3.0 
3.7 
molDWRow_608, 2, 1, -370777.6, -370772.2, -370777.6, -370772.2, -370778.7, -370773.2, -6.7, 5.5, 5.5, 5.5 
3.9 
molDWRow_609, 8, 2, -441845.0, -441843.0, -441845.8, -441843.4, -441846.9, -441844.4, -2.6, 2.1, 2.4, 2.4 
1.2 
molDWRow_610, 5, 4, -441839.2, -441837.5, -441839.6, -441838.2, -441840.7, -441839.3, -6.4, 1.7, 1.4, 1.4 
1.4 
molDWRow_613, 12, 5, -490910.9, -490910.5, -490911.6, -490911.2, -490912.0, -490911.6, -2.0, 0.4, 0.4, 0.4 
0.1 
molDWRow_614, 6, 8, -490905.3, -490901.0, -490905.3, -490901.7, -490905.7, -490902.2, -6.5, 4.3, 3.6, 3.6 
3.0 
molDWRow_619, 2, 1, -356815.2, -356813.1, -356815.2, -356813.1, -356815.2, -356813.1, -1.2, 2.1, 2.2, 2.2 
1.2 
molDWRow_620, 2, 1, -356818.5, -356816.1, -356818.5, -356816.1, -356818.5, -356816.1, -6.1, 2.4, 2.4, 2.4 
1.6 
molDWRow_629, 1, 1, -395250.3, -395258.4, -395250.3, -395258.4, -395250.7, -395259.2, -10.6, -8.1, -8.1, -8.5 
-8.5 
molDWRow_630, 2, 1, -212786.6, -212789.2, -212786.8, -212789.2, -212786.8, -212789.6, -4.2, -2.6, -2.4, -2.8 
-2.6 
molDWRow_631, 2, 1, -309043.2, -309050.6, -309043.2, -309050.6, -309043.2, -309050.6, -5.6, -7.5, -7.4, -7.4 
-7.6 
molDWRow_632, 2, 1, -309069.2, -309059.2, -309069.2, -309059.2, -309069.2, -309059.2, -6.0, 10.0, 10.0, 10.0 
9.9 
molDWRow_634, 25, 10, -540148.3, -540148.0, -540149.2, -540148.7, -540151.1, -540150.6, -4.9, 0.3, 0.5, 0.5 
-1.1 
molDWRow_644, 2, 1, -452489.2, -452502.3, -452489.3, -452502.3, -452489.3, -452502.7, -8.7, -13.1, -13.0, -13.4 
-14.4 
molDWRow_649, 6, 21, -347647.0, -347658.3, -347647.6, -347659.5, -347649.5, -347661.4, 8.7, -11.3, -11.9, -11.9 
12.6 
molDWRow_66, 3, 2, -385167.6, -385170.2, -385168.0, -385170.2, -385168.8, -385170.6, -1.7, -2.6, -2.2, -1.8 
-1.9 
molDWRow_67, 3, 2, -409796.8, -409794.2, -409796.8, -409794.6, -409798.3, -409796.1, 3.1, 2.6, 2.2, 2.2 
4.4 
molDWRow_68, 3, 4, -529921.8, -529916.2, -529921.8, -529916.9, -529922.6, -529917.7, 2.6, 5.6, 4.9, 4.9 
2.1 
molDWRow_708, 27, 18, -418699.6, -418696.2, -418700.0, -418697.2, -418701.5, -418699.1, -2.7, 3.4, 2.9, 2.5 
-1.2 
molDWRow_735, 10, 13, -525770.5, -525784.6, -525771.1, -525785.5, -525773.7, -525788.5, 1.4, -14.1, -14.4, -14.8 
6.5 
molDWRow_77, 1, 2, -307197.2, -307185.7, -307197.2, -307185.7, -307198.1, -307186.1, 2.3, 11.6, 11.6, 12.0 
10.6 
molDWRow_78, 2, 2, -331818.7, -331811.4, -331819.1, -331811.4, -331820.5, -331812.4, 1.6, 7.3, 7.7, 8.1 
7.8 
molDWRow_79, 10, 7, -356440.6, -356432.0, -356441.3, -356432.4, -356443.2, -356433.9, 1.9, 8.6, 8.9, 9.3 
8.8 
molDWRow_80, 12, 7, -381063.7, -381053.6, -381064.7, -381054.0, -381067.7, -381056.5, 3.4, 10.1, 10.7, 11.2 
10.9 
molDWRow_81, 4, 6, -451942.7, -451938.0, -451943.3, -451938.3, -451944.1, -451938.7, -0.1, 4.7, 5.0, 5.4 
4.2 
molDWRow_84, 4, 4, -289832.3, -289827.3, -289832.6, -289827.8, -289836.8, -289831.2, -1.8, 5.0, 4.7, 5.6 
6.4 
molDWRow_85, 29, 13, -339077.5, -339072.8, -339077.9, -339074.0, -339083.2, -339078.9, -2.9, 4.7, 3.9, 4.3 
3.0 
molDWRow_853, 10, 27, -396710.1, -396721.1, -396710.2, -396722.0, -396711.4, -396723.2, 1.4, -11.0, -11.8, -11.8 
12.5 
molDWRow_895, 25, 16, -611218.2, -611209.6, -611219.0, -611210.5, -611220.9, -611212.4, -4.9, 8.6, 8.5, 8.5 
8.0 
molDWRow_916, 2, 2, -292861.6, -292856.7, -292862.0, -292857.1, -292862.4, -292857.5, 1.4, 4.9, 4.9, 4.9 
5.1 
molDWRow_919, 1, 2, -317468.9, -317450.7, -317468.9, -317451.2, -317470.0, -317452.6, -0.8, 18.2, 17.8, 17.4 
18.6 
molDWRow_933, 1, 2, -292877.2, -292870.3, -292877.2, -292870.7, -292877.6, -292871.2, 1.6, 6.8, 6.4, 6.4 
6.6 
molDWRow_948, 1, 2, -317480.0, -317475.2, -317480.0, -317475.6, -317481.0, -317477.1, -2.7, 4.8, 4.4, 4.0 
4.2 
molDWRow_954, 3, 1, -286515.7, -286518.3, -286516.2, -286518.3, -286516.6, -286518.7, -1.8, -2.6, -2.1, -2.1 
-1.6 
molDWRow_967, 1, 1, -355149.0, -355152.6, -355149.0, -355152.6, -355150.0, -355153.7, 4.4, -3.7, -3.7, -3.7 
None 
molDWRow_973, 2, 2, -155730.0, -155748.6, -155730.0, -155748.7, -155732.1, -155751.3, -12.4, -18.6, -18.7, -19.1 
-16.8 
molDWRow_974, 6, 4, -204230.2, -204241.9, -204230.6, -204242.3, -204232.2, -204244.4, -10.4, -11.7, -11.7, -12.2 
-12.6 
molDWRow_975, 3, 2, -179608.5, -179620.8, -179608.9, -179621.2, -179610.1, -179622.9, -9.6, -12.3, -12.3, -12.7 
-12.6 
molDWRow_978, 4, 2, -203474.8, -203485.7, -203475.2, -203486.1, -203476.0, -203487.4, -9.7, -10.9, -11.0, -11.4 
-11.6 
molDWRow_979, 4, 2, -203477.8, -203488.1, -203478.2, -203488.5, -203479.0, -203489.7, -7.5, -10.3, -10.3, -10.7 
-11.1 
molDWRow_980, 2, 1, -178849.9, -178864.1, -178849.9, -178864.1, -178850.3, -178864.9, -6.7, -14.2, -14.2, -14.6 
-13.9 
molDWRow_981, 2, 1, -178853.2, -178864.3, -178853.2, -178864.3, -178853.6, -178865.1, -8.9, -11.1, -11.1, -11.5 
-11.3 
molDWRow_982, 2, 1, -202745.3, -202744.0, -202745.3, -202744.0, -202745.3, -202745.5, -4.8, 1.3, 1.3, -0.1 
1.2 
molDWRow_983, 3, 1, -227372.0, -227367.8, -227372.4, -227367.8, -227373.5, -227369.3, -4.9, 4.2, 4.6, 4.2 
0.8 
molDWRow_984, 2, 1, -227373.3, -227371.2, -227373.3, -227371.2, -227374.4, -227372.7, -4.9, 2.2, 2.2, 1.7 
-0.5 
molDWRow_985, 3, 1, -274533.5, -274530.5, -274533.5, -274530.5, -274534.6, -274532.0, -2.0, 3.0, 3.0, 2.6 
4.8 
molDWRow_986, 2, 2, -249916.2, -249920.1, -249916.2, -249920.1, -249916.2, -249920.5, -4.0, -3.9, -3.8, -4.3 
-4.1 
molDWRow_987, 2, 2, -249923.8, -249919.1, -249923.9, -249919.1, -249924.3, -249919.5, -1.8, 4.7, 4.7, 4.7 
5.0 
molDWRow_995, 4, 2, -237445.8, -237445.2, -237446.3, -237445.6, -237446.7, -237446.5, -7.4, 0.6, 0.6, 0.2 
0.2 
molDWRow_996, 4, 2, -237449.6, -237445.9, -237450.1, -237446.3, -237450.5, -237447.1, -4.5, 3.8, 3.8, 3.4 
3.7 
molDWRow_997, 2, 1, -299002.9, -299005.4, -299002.9, -299005.4, -299002.9, -299006.3, -6.1, -2.5, -2.5, -3.3 
-3.1 
molDWRow_999, 2, 1, -299002.8, -299006.2, -299002.8, -299006.2, -299002.8, -299007.1, -7.2, -3.5, -3.5, -4.3 
-3.9 
