0, -906902.0
10, -906886.375
20, -906880.5
30, -906880.4375
40, -906876.9375
50, -906863.25
60, -906874.0625
70, -906859.3125
80, -906867.25
90, -906865.5625
100, -906875.3125
110, -906849.3125
120, -906859.1875
130, -906872.5
140, -906857.9375
150, -906858.875
160, -906841.4375
170, -906858.8125
180, -906857.1875
190, -906871.0625
200, -906851.3125
210, -906840.9375
220, -906864.4375
230, -906837.875
240, -906835.3125
250, -906873.625
260, -906840.9375
270, -906842.375
280, -906859.1875
290, -906838.375
300, -906853.375
310, -906840.625
320, -906846.5
330, -906827.0
340, -906822.6875
350, -906844.8125
360, -906856.4375
370, -906827.5
380, -906867.125
390, -906871.125
400, -906855.9375
410, -906878.9375
420, -906878.1875
430, -906890.125
440, -906881.3125
450, -906884.1875
460, -906874.75
470, -906852.5625
480, -906857.1875
490, -906839.5625
500, -906868.75
510, -906859.9375
520, -906834.3125
530, -906850.3125
540, -906844.9375
550, -906841.125
560, -906859.9375
570, -906836.4375
580, -906859.125
590, -906852.9375
600, -906857.0625
610, -906867.0
620, -906864.6875
630, -906861.125
640, -906879.625
650, -906849.75
660, -906874.375
670, -906864.375
680, -906869.625
690, -906851.9375
700, -906865.3125
710, -906868.25
720, -906837.4375
730, -906867.5625
740, -906868.6875
750, -906870.625
760, -906865.5625
770, -906859.4375
780, -906861.4375
790, -906869.5
800, -906857.125
810, -906883.25
820, -906853.625
830, -906852.1875
840, -906847.125
850, -906844.625
860, -906844.625
870, -906823.8125
880, -906838.0625
890, -906856.4375
900, -906845.6875
910, -906848.0
920, -906854.3125
930, -906866.1875
940, -906872.625
950, -906846.25
960, -906855.0625
970, -906867.875
980, -906859.5625
990, -906867.875
1000, -906869.0
1010, -906874.4375
1020, -906852.8125
1030, -906870.0625
1040, -906886.875
1050, -906874.0625
1060, -906869.9375
1070, -906866.25
1080, -906849.8125
1090, -906876.625
1100, -906838.875
1110, -906862.0
1120, -906868.75
1130, -906856.0625
1140, -906887.0
1150, -906865.125
1160, -906869.6875
1170, -906866.375
1180, -906880.125
1190, -906869.0625
1200, -906861.25
1210, -906842.6875
1220, -906854.25
1230, -906846.6875
1240, -906838.8125
1250, -906856.8125
1260, -906853.875
1270, -906860.0
1280, -906858.125
1290, -906867.8125
1300, -906865.875
1310, -906872.625
1320, -906835.8125
1330, -906890.0
1340, -906870.125
1350, -906863.0
1360, -906867.25
1370, -906852.5625
1380, -906840.0625
1390, -906844.9375
1400, -906859.4375
1410, -906859.0625
1420, -906867.0
1430, -906870.625
1440, -906863.9375
1450, -906864.0
1460, -906869.6875
1470, -906880.625
1480, -906882.1875
1490, -906881.5625
1500, -906869.0625
1510, -906872.9375
1520, -906872.6875
1530, -906868.8125
1540, -906873.3125
1550, -906865.375
1560, -906861.5625
1570, -906852.875
1580, -906854.625
1590, -906857.0
1600, -906862.0
1610, -906834.3125
1620, -906850.1875
1630, -906867.375
1640, -906864.5625
1650, -906858.4375
1660, -906869.875
1670, -906855.875
1680, -906860.3125
1690, -906840.4375
1700, -906855.0
1710, -906852.1875
1720, -906869.9375
1730, -906858.75
1740, -906871.3125
1750, -906860.1875
1760, -906863.0
1770, -906854.4375
1780, -906878.5
1790, -906871.8125
1800, -906860.4375
1810, -906872.125
1820, -906848.9375
1830, -906849.125
1840, -906818.1875
1850, -906853.0625
1860, -906861.0625
1870, -906855.3125
1880, -906855.375
1890, -906851.875
1900, -906880.6875
1910, -906861.3125
1920, -906851.4375
1930, -906826.875
1940, -906843.9375
1950, -906842.125
1960, -906862.125
1970, -906856.5625
1980, -906866.8125
1990, -906861.5625
2000, -906846.3125
2010, -906870.0625
2020, -906868.5625
2030, -906872.0625
2040, -906876.75
2050, -906877.75
2060, -906847.375
2070, -906841.5
2080, -906870.0625
2090, -906858.875
2100, -906870.75
2110, -906857.5625
2120, -906864.125
2130, -906841.125
2140, -906851.75
2150, -906859.375
2160, -906848.375
2170, -906872.5
2180, -906860.5
2190, -906867.0625
2200, -906876.375
2210, -906865.5625
2220, -906855.3125
2230, -906849.4375
2240, -906846.5
2250, -906845.1875
2260, -906863.9375
2270, -906874.125
2280, -906869.125
2290, -906865.0625
2300, -906862.8125
2310, -906862.0
2320, -906855.625
2330, -906869.375
2340, -906844.8125
2350, -906862.4375
2360, -906849.1875
2370, -906859.6875
2380, -906867.625
2390, -906867.25
2400, -906856.875
2410, -906849.375
2420, -906874.6875
2430, -906835.5
2440, -906860.1875
2450, -906855.125
2460, -906861.875
2470, -906848.75
2480, -906862.1875
2490, -906875.625
2500, -906858.75
2510, -906859.5625
2520, -906849.625
2530, -906845.75
2540, -906862.4375
2550, -906853.3125
2560, -906867.3125
2570, -906866.0
2580, -906872.1875
2590, -906886.3125
2600, -906841.25
2610, -906864.375
2620, -906858.5
2630, -906865.4375
2640, -906846.8125
2650, -906848.3125
2660, -906865.6875
2670, -906852.4375
2680, -906840.3125
2690, -906864.375
2700, -906886.875
2710, -906873.9375
2720, -906860.6875
2730, -906862.0
2740, -906844.0
2750, -906834.25
2760, -906854.1875
2770, -906849.1875
2780, -906850.1875
2790, -906867.0
2800, -906849.4375
2810, -906861.0625
2820, -906848.375
2830, -906874.1875
2840, -906845.0625
2850, -906850.8125
2860, -906860.0
2870, -906879.5625
2880, -906845.75
2890, -906861.9375
2900, -906838.5625
2910, -906875.5
2920, -906828.1875
2930, -906860.75
2940, -906860.0
2950, -906840.0
2960, -906849.75
2970, -906854.4375
2980, -906851.3125
2990, -906873.0625
3000, -906855.0
3010, -906872.8125
3020, -906846.25
3030, -906841.4375
3040, -906873.5
3050, -906865.375
3060, -906869.5625
3070, -906864.8125
3080, -906867.375
3090, -906842.125
3100, -906877.0
3110, -906864.25
3120, -906855.375
3130, -906877.75
3140, -906848.5
3150, -906858.5625
3160, -906840.625
3170, -906860.25
3180, -906875.25
3190, -906859.375
3200, -906849.75
3210, -906850.0
3220, -906820.75
3230, -906865.625
3240, -906839.5625
3250, -906826.75
3260, -906853.5
3270, -906838.9375
3280, -906849.9375
3290, -906843.375
3300, -906832.4375
3310, -906836.125
3320, -906862.125
3330, -906838.9375
3340, -906872.5
3350, -906834.625
3360, -906907.125
3370, -906900.25
3380, -906886.25
3390, -906834.875
3400, -906869.5625
3410, -906840.125
3420, -906863.375
3430, -906828.4375
3440, -906854.3125
3450, -906820.25
3460, -906859.125
3470, -906853.6875
3480, -906836.9375
3490, -906864.125
3500, -906864.125
3510, -906851.375
3520, -906847.375
3530, -906854.4375
3540, -906848.8125
3550, -906840.5625
3560, -906861.9375
3570, -906841.75
3580, -906864.6875
3590, -906860.8125
3600, -906838.125
3610, -906846.8125
3620, -906837.125
3630, -906852.0
3640, -906840.0625
3650, -906832.0625
3660, -906863.25
3670, -906867.875
3680, -906870.375
3690, -906868.125
3700, -906852.625
3710, -906864.8125
3720, -906868.5625
3730, -906862.75
3740, -906867.5625
3750, -906864.9375
3760, -906868.5625
3770, -906866.5
3780, -906860.125
3790, -906869.0625
3800, -906842.3125
3810, -906865.3125
3820, -906880.75
3830, -906843.375
3840, -906848.9375
3850, -906863.25
3860, -906866.4375
3870, -906858.5625
3880, -906856.25
3890, -906862.6875
3900, -906850.0
3910, -906867.5
3920, -906856.875
3930, -906870.625
3940, -906850.0625
3950, -906865.0
3960, -906864.4375
3970, -906870.4375
3980, -906840.5625
3990, -906859.625
4000, -906867.25
4010, -906875.0625
4020, -906857.1875
4030, -906850.5
4040, -906860.1875
4050, -906853.375
4060, -906836.3125
4070, -906808.875
4080, -906846.8125
4090, -906851.3125
4100, -906850.25
4110, -906841.5625
4120, -906817.0
4130, -906859.4375
4140, -906854.8125
4150, -906835.1875
4160, -906852.8125
4170, -906862.0
4180, -906860.1875
4190, -906858.1875
4200, -906865.125
4210, -906861.0625
4220, -906844.9375
4230, -906838.875
4240, -906848.8125
4250, -906859.1875
4260, -906844.6875
4270, -906861.8125
4280, -906857.1875
4290, -906839.375
4300, -906842.5625
4310, -906843.4375
4320, -906827.0
4330, -906848.0
4340, -906842.625
4350, -906855.375
4360, -906863.0
4370, -906839.75
4380, -906871.125
4390, -906869.625
4400, -906859.6875
4410, -906866.375
4420, -906843.6875
4430, -906866.375
4440, -906853.5
4450, -906858.25
4460, -906866.6875
4470, -906835.1875
4480, -906838.8125
4490, -906870.625
4500, -906878.375
4510, -906845.25
4520, -906844.5625
4530, -906863.375
4540, -906851.6875
4550, -906855.5625
4560, -906853.625
4570, -906849.125
4580, -906851.1875
4590, -906896.25
4600, -906876.9375
4610, -906848.5
4620, -906850.5625
4630, -906859.0625
4640, -906868.375
4650, -906867.3125
4660, -906865.6875
4670, -906875.8125
4680, -906840.5625
4690, -906848.375
4700, -906865.4375
4710, -906836.8125
4720, -906862.8125
4730, -906868.375
4740, -906871.9375
4750, -906872.0625
4760, -906874.375
4770, -906853.4375
4780, -906881.3125
4790, -906862.1875
4800, -906876.625
4810, -906858.25
4820, -906868.125
4830, -906844.0
4840, -906865.375
4850, -906864.8125
4860, -906851.875
4870, -906859.375
4880, -906862.0
4890, -906840.9375
4900, -906858.8125
4910, -906851.5
4920, -906855.4375
4930, -906877.5625
4940, -906853.75
4950, -906859.6875
4960, -906854.0625
4970, -906828.6875
4980, -906855.875
4990, -906826.3125
5000, -906869.125
5010, -906848.0625
5020, -906863.5625
5030, -906865.9375
5040, -906860.8125
5050, -906862.1875
5060, -906861.25
5070, -906863.8125
5080, -906863.0625
5090, -906857.75
5100, -906863.5625
5110, -906853.75
5120, -906855.3125
5130, -906847.125
5140, -906880.1875
5150, -906842.875
5160, -906874.1875
5170, -906842.875
5180, -906875.5
5190, -906844.125
5200, -906872.0625
5210, -906881.25
5220, -906864.6875
5230, -906845.0625
5240, -906859.0625
5250, -906840.9375
5260, -906859.0
5270, -906855.625
5280, -906860.8125
5290, -906829.0625
5300, -906858.875
5310, -906839.375
5320, -906876.9375
5330, -906839.125
5340, -906861.875
5350, -906841.25
5360, -906866.125
5370, -906851.9375
5380, -906861.3125
5390, -906852.0625
5400, -906857.0625
5410, -906862.6875
5420, -906844.875
5430, -906842.875
5440, -906851.0625
5450, -906838.875
5460, -906827.0625
5470, -906860.8125
5480, -906860.0
5490, -906853.0625
5500, -906842.6875
5510, -906847.9375
5520, -906866.4375
5530, -906852.3125
5540, -906855.9375
5550, -906837.125
5560, -906843.4375
5570, -906850.875
5580, -906862.5625
5590, -906864.375
5600, -906838.9375
5610, -906854.1875
5620, -906865.4375
5630, -906859.0625
5640, -906840.8125
5650, -906866.4375
5660, -906844.0
5670, -906880.1875
5680, -906854.25
5690, -906856.4375
5700, -906860.125
5710, -906861.5625
5720, -906835.875
5730, -906863.125
5740, -906854.1875
5750, -906847.0625
5760, -906843.25
5770, -906867.8125
5780, -906855.3125
5790, -906859.625
5800, -906874.625
5810, -906870.375
5820, -906866.5625
5830, -906873.9375
5840, -906858.6875
5850, -906849.4375
5860, -906866.6875
5870, -906871.25
5880, -906850.75
5890, -906857.4375
5900, -906843.125
5910, -906858.4375
5920, -906863.25
5930, -906853.625
5940, -906865.125
5950, -906869.5625
5960, -906850.8125
5970, -906859.0
5980, -906857.0
5990, -906870.625
6000, -906868.8125
6010, -906841.9375
6020, -906862.6875
6030, -906887.0
6040, -906864.0
6050, -906855.1875
6060, -906877.8125
6070, -906853.375
6080, -906844.875
6090, -906835.5625
6100, -906870.625
6110, -906863.6875
6120, -906871.25
6130, -906857.4375
6140, -906857.3125
6150, -906847.9375
6160, -906873.1875
6170, -906857.9375
6180, -906837.75
6190, -906866.6875
6200, -906878.6875
6210, -906855.5625
6220, -906885.8125
6230, -906888.125
6240, -906859.4375
6250, -906865.375
6260, -906867.0
6270, -906870.4375
6280, -906881.4375
6290, -906877.0
6300, -906864.8125
6310, -906884.4375
6320, -906855.875
6330, -906879.5625
6340, -906881.0625
6350, -906863.0
6360, -906863.4375
6370, -906864.4375
6380, -906867.375
6390, -906864.8125
6400, -906875.5
6410, -906859.875
6420, -906844.3125
6430, -906850.5625
6440, -906862.5625
6450, -906852.4375
6460, -906869.9375
6470, -906837.5
6480, -906840.3125
6490, -906844.25
6500, -906890.125
6510, -906836.9375
6520, -906863.6875
6530, -906839.8125
6540, -906851.0625
6550, -906863.8125
6560, -906840.3125
6570, -906876.6875
6580, -906860.0
6590, -906859.375
6600, -906864.0
6610, -906872.4375
6620, -906860.1875
6630, -906878.75
6640, -906870.375
6650, -906873.5625
6660, -906871.375
6670, -906871.0625
6680, -906866.0
6690, -906869.25
6700, -906856.1875
6710, -906836.4375
6720, -906865.25
6730, -906853.4375
6740, -906858.75
6750, -906839.5625
6760, -906836.6875
6770, -906833.1875
6780, -906847.375
6790, -906857.375
6800, -906852.25
6810, -906843.6875
6820, -906849.8125
6830, -906859.375
6840, -906870.625
6850, -906851.4375
6860, -906875.75
6870, -906865.3125
6880, -906865.5625
6890, -906853.3125
6900, -906847.4375
6910, -906848.0
6920, -906868.125
6930, -906858.4375
6940, -906863.4375
6950, -906870.0625
6960, -906867.875
6970, -906865.0
6980, -906824.5
6990, -906858.875
7000, -906874.4375
7010, -906844.5625
7020, -906834.375
7030, -906873.9375
7040, -906845.375
7050, -906829.0625
7060, -906854.8125
7070, -906864.375
7080, -906870.4375
7090, -906860.875
7100, -906861.125
7110, -906879.625
7120, -906875.3125
7130, -906854.4375
7140, -906861.625
7150, -906866.75
7160, -906840.4375
7170, -906861.625
7180, -906864.125
7190, -906861.4375
7200, -906861.0625
7210, -906840.125
7220, -906862.5625
7230, -906856.8125
7240, -906878.125
7250, -906830.9375
7260, -906847.9375
7270, -906865.875
7280, -906871.5
7290, -906858.5
7300, -906858.6875
7310, -906865.9375
7320, -906876.75
7330, -906858.5625
7340, -906850.0
7350, -906847.5
7360, -906866.125
7370, -906859.375
7380, -906843.5
7390, -906862.4375
7400, -906851.875
7410, -906858.0
7420, -906874.9375
7430, -906867.3125
7440, -906848.625
7450, -906859.1875
7460, -906863.9375
7470, -906842.0
7480, -906852.3125
7490, -906861.875
7500, -906845.0625
7510, -906855.5625
7520, -906842.5
7530, -906868.4375
7540, -906840.8125
7550, -906854.75
7560, -906878.875
7570, -906838.6875
7580, -906856.0
7590, -906867.6875
7600, -906870.625
7610, -906872.625
7620, -906885.25
7630, -906856.875
7640, -906867.125
7650, -906869.625
7660, -906880.9375
7670, -906852.875
7680, -906857.3125
7690, -906849.625
7700, -906876.1875
7710, -906872.375
7720, -906869.0625
7730, -906846.6875
7740, -906853.5
7750, -906846.0
7760, -906871.5625
7770, -906845.9375
7780, -906868.9375
7790, -906843.0625
7800, -906856.3125
7810, -906847.8125
7820, -906857.3125
7830, -906851.375
7840, -906866.125
7850, -906851.0625
7860, -906853.6875
7870, -906847.0625
7880, -906855.75
7890, -906835.4375
7900, -906844.0
7910, -906851.125
7920, -906850.8125
7930, -906847.8125
7940, -906835.0
7950, -906842.6875
7960, -906881.75
7970, -906859.375
7980, -906849.375
7990, -906861.0625
8000, -906846.8125
8010, -906822.5
8020, -906844.5
8030, -906851.1875
8040, -906858.6875
8050, -906856.75
8060, -906861.375
8070, -906847.625
8080, -906856.75
8090, -906876.9375
8100, -906859.375
8110, -906876.5
8120, -906837.5
8130, -906854.0625
8140, -906854.0625
8150, -906832.75
8160, -906851.6875
8170, -906859.0
8180, -906856.1875
8190, -906847.375
8200, -906849.75
8210, -906875.5625
8220, -906858.0
8230, -906865.8125
8240, -906848.375
8250, -906863.0625
8260, -906878.75
8270, -906839.1875
8280, -906863.0
8290, -906853.875
8300, -906852.875
8310, -906840.3125
8320, -906830.0
8330, -906873.9375
8340, -906862.875
8350, -906839.25
8360, -906843.8125
8370, -906867.875
8380, -906878.75
8390, -906845.625
8400, -906854.875
8410, -906859.4375
8420, -906862.6875
8430, -906859.3125
8440, -906864.4375
8450, -906874.375
8460, -906859.375
8470, -906859.6875
8480, -906871.5625
8490, -906845.75
8500, -906862.0
8510, -906853.875
8520, -906847.25
8530, -906857.1875
8540, -906862.0
8550, -906838.875
8560, -906857.625
8570, -906856.625
8580, -906847.625
8590, -906849.75
8600, -906865.25
8610, -906840.875
8620, -906861.0625
8630, -906844.0
8640, -906856.75
8650, -906857.1875
8660, -906855.125
8670, -906870.6875
8680, -906866.5625
8690, -906864.4375
8700, -906875.0625
8710, -906841.6875
8720, -906846.5
8730, -906836.8125
8740, -906861.0625
8750, -906860.875
8760, -906873.25
8770, -906867.5625
8780, -906884.5625
8790, -906876.5
8800, -906855.0625
8810, -906843.25
8820, -906836.125
8830, -906868.9375
8840, -906840.0625
8850, -906863.0
8860, -906842.625
8870, -906858.125
8880, -906836.3125
8890, -906832.5625
8900, -906848.0
8910, -906859.375
8920, -906856.0625
8930, -906856.5625
8940, -906868.25
8950, -906866.125
8960, -906856.5
8970, -906865.4375
8980, -906856.4375
8990, -906871.125
9000, -906867.3125
9010, -906872.375
9020, -906868.8125
9030, -906853.125
9040, -906875.0
9050, -906854.75
9060, -906863.6875
9070, -906870.75
9080, -906838.0
9090, -906874.9375
9100, -906867.625
9110, -906848.25
9120, -906858.4375
9130, -906872.375
9140, -906848.1875
9150, -906879.625
9160, -906850.8125
9170, -906864.6875
9180, -906839.4375
9190, -906821.3125
9200, -906850.9375
9210, -906850.0625
9220, -906835.0
9230, -906869.5625
9240, -906872.375
9250, -906866.4375
9260, -906840.625
9270, -906859.0
9280, -906851.0625
9290, -906869.875
9300, -906818.8125
9310, -906864.1875
9320, -906846.9375
9330, -906863.875
9340, -906859.375
9350, -906858.25
9360, -906858.0
9370, -906865.625
9380, -906846.6875
9390, -906869.875
9400, -906844.375
9410, -906839.4375
9420, -906844.625
9430, -906855.5625
9440, -906865.375
9450, -906856.25
9460, -906836.9375
9470, -906854.5
9480, -906840.3125
9490, -906865.9375
9500, -906864.125
9510, -906848.5
9520, -906865.6875
9530, -906870.1875
9540, -906855.125
9550, -906859.6875
9560, -906845.25
9570, -906852.3125
9580, -906869.0
9590, -906852.625
9600, -906858.0
9610, -906845.9375
9620, -906843.6875
9630, -906846.1875
9640, -906849.375
9650, -906838.6875
9660, -906837.6875
9670, -906850.0
9680, -906848.5
9690, -906860.8125
9700, -906861.3125
9710, -906842.5625
9720, -906852.4375
9730, -906853.3125
9740, -906848.0625
9750, -906843.1875
9760, -906858.6875
9770, -906835.3125
9780, -906851.0625
9790, -906846.0
9800, -906863.625
9810, -906850.0
9820, -906865.8125
9830, -906842.375
9840, -906838.3125
9850, -906853.75
9860, -906824.875
9870, -906862.1875
9880, -906841.0
9890, -906850.8125
9900, -906857.0
9910, -906863.4375
9920, -906860.5
9930, -906868.4375
9940, -906853.5
9950, -906852.3125
9960, -906866.375
9970, -906869.875
9980, -906863.8125
9990, -906864.9375
10000, -906867.625
10010, -906837.0
10020, -906841.0
10030, -906851.5
10040, -906858.125
10050, -906841.0
10060, -906850.5625
10070, -906858.125
10080, -906865.5625
10090, -906861.6875
10100, -906868.25
10110, -906862.125
10120, -906869.9375
10130, -906849.9375
10140, -906881.75
10150, -906883.4375
10160, -906853.3125
10170, -906873.3125
10180, -906865.4375
10190, -906863.5625
10200, -906851.9375
10210, -906854.3125
10220, -906867.875
10230, -906850.875
10240, -906862.75
10250, -906861.375
10260, -906858.0
10270, -906857.75
10280, -906838.0
10290, -906860.6875
10300, -906849.3125
10310, -906837.5
10320, -906881.25
10330, -906860.75
10340, -906868.125
10350, -906824.3125
10360, -906851.5
10370, -906867.0625
10380, -906864.375
10390, -906851.1875
10400, -906837.6875
10410, -906849.9375
10420, -906865.125
10430, -906842.0625
10440, -906854.5
10450, -906847.125
10460, -906859.125
10470, -906874.625
10480, -906860.8125
10490, -906874.8125
10500, -906836.0625
10510, -906851.875
10520, -906859.625
10530, -906838.6875
10540, -906846.9375
10550, -906823.625
10560, -906847.6875
10570, -906864.5625
10580, -906862.3125
10590, -906868.4375
10600, -906874.0625
10610, -906876.4375
10620, -906854.75
10630, -906842.3125
10640, -906844.5625
10650, -906845.125
10660, -906835.1875
10670, -906850.25
10680, -906830.75
10690, -906854.8125
10700, -906846.875
10710, -906849.625
10720, -906845.75
10730, -906845.75
10740, -906837.4375
10750, -906861.8125
10760, -906868.125
10770, -906858.25
10780, -906844.375
10790, -906835.125
10800, -906847.9375
10810, -906845.625
10820, -906861.0
10830, -906828.4375
10840, -906863.4375
10850, -906854.4375
10860, -906862.3125
10870, -906869.25
10880, -906829.4375
10890, -906857.0
10900, -906882.0625
10910, -906859.375
10920, -906870.6875
10930, -906839.25
10940, -906876.75
10950, -906847.1875
10960, -906871.25
10970, -906852.4375
10980, -906822.125
10990, -906847.5
11000, -906855.9375
11010, -906850.9375
11020, -906866.375
11030, -906833.6875
11040, -906855.4375
11050, -906839.6875
11060, -906870.4375
11070, -906862.75
11080, -906856.1875
11090, -906838.9375
11100, -906841.25
11110, -906850.0
11120, -906861.9375
11130, -906867.25
11140, -906841.9375
11150, -906862.0
11160, -906873.5
11170, -906841.8125
11180, -906842.0625
11190, -906858.125
11200, -906868.25
11210, -906855.0625
11220, -906866.125
11230, -906869.3125
11240, -906861.6875
11250, -906871.125
11260, -906851.4375
11270, -906864.4375
11280, -906863.0625
11290, -906849.0625
11300, -906838.0
11310, -906852.75
11320, -906851.6875
11330, -906859.4375
11340, -906843.9375
11350, -906877.25
11360, -906859.875
11370, -906862.8125
11380, -906845.625
11390, -906865.3125
11400, -906846.6875
11410, -906822.75
11420, -906866.9375
11430, -906844.9375
11440, -906834.75
11450, -906832.0625
11460, -906850.9375
11470, -906843.9375
11480, -906844.375
11490, -906866.6875
11500, -906869.0
11510, -906880.5
11520, -906900.375
11530, -906908.5625
11540, -906903.3125
11550, -906904.8125
11560, -906902.9375
11570, -906913.6875
11580, -906885.1875
11590, -906880.4375
11600, -906892.9375
11610, -906842.0
11620, -906841.1875
11630, -906855.6875
11640, -906857.0625
11650, -906857.0625
11660, -906846.375
11670, -906855.75
11680, -906863.3125
11690, -906855.1875
11700, -906854.0
11710, -906853.1875
11720, -906857.1875
11730, -906861.6875
11740, -906874.4375
11750, -906877.75
11760, -906864.25
11770, -906847.6875
11780, -906859.6875
11790, -906859.375
11800, -906864.1875
11810, -906857.0
11820, -906867.125
11830, -906861.375
11840, -906871.8125
11850, -906864.1875
11860, -906848.5625
11870, -906834.3125
11880, -906859.625
11890, -906871.25
11900, -906861.875
11910, -906867.25
11920, -906858.4375
11930, -906864.0
11940, -906850.0625
11950, -906862.75
11960, -906860.1875
11970, -906871.625
11980, -906855.9375
11990, -906853.125
12000, -906858.125
12010, -906873.5
12020, -906875.3125
12030, -906840.625
12040, -906862.25
12050, -906845.5
12060, -906847.6875
12070, -906857.9375
12080, -906844.9375
12090, -906852.75
12100, -906850.875
12110, -906832.0
12120, -906842.25
12130, -906850.8125
12140, -906847.6875
12150, -906830.375
12160, -906859.625
12170, -906840.3125
12180, -906824.875
12190, -906836.6875
12200, -906857.75
12210, -906864.9375
12220, -906852.875
12230, -906848.8125
12240, -906865.5625
12250, -906840.8125
12260, -906873.375
12270, -906875.9375
12280, -906867.0
12290, -906853.1875
12300, -906873.75
12310, -906850.1875
12320, -906855.9375
12330, -906865.8125
12340, -906863.25
12350, -906856.0625
12360, -906860.8125
12370, -906866.5625
12380, -906855.375
12390, -906853.5
12400, -906842.8125
12410, -906857.0
12420, -906833.8125
12430, -906862.8125
12440, -906848.3125
12450, -906821.375
12460, -906830.625
12470, -906849.9375
12480, -906849.9375
12490, -906851.1875
12500, -906867.3125
12510, -906827.4375
12520, -906844.5625
12530, -906863.25
12540, -906858.25
12550, -906840.6875
12560, -906856.8125
12570, -906834.9375
12580, -906844.25
12590, -906814.9375
12600, -906857.0
12610, -906827.875
12620, -906851.4375
12630, -906846.375
12640, -906868.8125
12650, -906866.125
12660, -906862.3125
12670, -906861.4375
12680, -906860.125
12690, -906881.5
12700, -906874.1875
12710, -906823.0625
12720, -906843.6875
12730, -906860.8125
12740, -906854.625
12750, -906838.5625
12760, -906826.0625
12770, -906879.5
12780, -906861.9375
12790, -906847.0625
12800, -906836.875
12810, -906852.25
12820, -906822.9375
12830, -906864.5
12840, -906834.25
12850, -906848.8125
12860, -906851.1875
12870, -906860.75
12880, -906840.4375
12890, -906853.5
12900, -906851.0625
12910, -906849.4375
12920, -906855.1875
12930, -906847.8125
12940, -906861.375
12950, -906851.75
12960, -906856.0625
12970, -906861.3125
12980, -906883.625
12990, -906864.8125
13000, -906856.25
13010, -906874.375
13020, -906846.8125
13030, -906855.375
13040, -906881.8125
13050, -906845.1875
13060, -906836.875
13070, -906864.375
13080, -906856.3125
13090, -906858.125
13100, -906849.3125
13110, -906830.0
13120, -906813.5625
13130, -906841.1875
13140, -906842.125
13150, -906845.6875
13160, -906848.0625
13170, -906865.8125
13180, -906838.3125
13190, -906825.8125
13200, -906850.25
13210, -906870.4375
13220, -906847.75
13230, -906855.0625
13240, -906847.1875
13250, -906849.5
13260, -906845.125
13270, -906845.375
13280, -906847.375
13290, -906869.8125
13300, -906855.4375
13310, -906855.3125
13320, -906854.875
13330, -906839.6875
13340, -906877.25
13350, -906852.875
13360, -906862.4375
13370, -906857.4375
13380, -906868.1875
13390, -906859.125
13400, -906872.6875
13410, -906855.4375
13420, -906857.875
13430, -906886.3125
13440, -906887.75
13450, -906880.4375
13460, -906870.0625
13470, -906876.3125
13480, -906876.75
13490, -906868.9375
13500, -906866.1875
13510, -906880.0625
13520, -906855.125
13530, -906861.25
13540, -906853.3125
13550, -906878.9375
13560, -906853.3125
13570, -906863.875
13580, -906838.4375
13590, -906854.5625
13600, -906862.8125
13610, -906843.0625
13620, -906858.1875
13630, -906863.0625
13640, -906866.75
13650, -906873.875
13660, -906855.5625
13670, -906833.5
13680, -906856.875
13690, -906869.3125
13700, -906874.375
13710, -906849.5
13720, -906850.5
13730, -906863.0625
13740, -906858.1875
13750, -906876.625
13760, -906867.375
13770, -906864.6875
13780, -906857.125
13790, -906850.625
13800, -906853.4375
13810, -906856.0
13820, -906849.125
13830, -906847.9375
13840, -906849.3125
13850, -906867.375
13860, -906881.0
13870, -906870.9375
13880, -906846.25
13890, -906863.4375
13900, -906870.9375
13910, -906874.75
13920, -906833.0
13930, -906867.5
13940, -906833.8125
13950, -906866.25
13960, -906844.0
13970, -906823.25
13980, -906837.6875
13990, -906830.3125
14000, -906836.125
14010, -906836.0
14020, -906856.5
14030, -906850.375
14040, -906866.9375
14050, -906851.125
14060, -906864.0
14070, -906866.125
14080, -906863.9375
14090, -906859.1875
14100, -906855.4375
14110, -906853.1875
14120, -906874.75
14130, -906867.0
14140, -906877.25
14150, -906869.9375
14160, -906870.8125
14170, -906848.25
14180, -906869.3125
14190, -906880.75
14200, -906871.0
14210, -906860.6875
14220, -906868.9375
14230, -906876.9375
14240, -906876.3125
14250, -906870.125
14260, -906864.0
14270, -906838.375
14280, -906859.3125
14290, -906858.3125
14300, -906870.8125
14310, -906856.8125
14320, -906878.9375
14330, -906843.8125
14340, -906878.75
14350, -906859.0
14360, -906871.125
14370, -906869.125
14380, -906848.9375
14390, -906870.75
14400, -906878.6875
14410, -906858.6875
14420, -906853.0625
14430, -906874.375
14440, -906869.625
14450, -906864.0
14460, -906872.6875
14470, -906868.8125
14480, -906852.875
14490, -906845.625
14500, -906858.5625
14510, -906864.8125
14520, -906874.0625
14530, -906850.0625
14540, -906862.0
14550, -906875.8125
14560, -906869.9375
14570, -906825.75
14580, -906853.1875
14590, -906843.0625
14600, -906857.125
14610, -906866.5625
14620, -906835.75
14630, -906850.875
14640, -906863.0625
14650, -906876.625
14660, -906856.4375
14670, -906860.6875
14680, -906852.0
14690, -906855.875
14700, -906831.4375
14710, -906857.1875
14720, -906881.625
14730, -906850.9375
14740, -906821.3125
14750, -906852.1875
14760, -906833.3125
14770, -906862.875
14780, -906855.0625
14790, -906849.5
14800, -906852.8125
14810, -906848.8125
14820, -906859.3125
14830, -906844.125
14840, -906850.75
14850, -906889.375
14860, -906865.625
14870, -906849.6875
14880, -906866.5
14890, -906847.0625
14900, -906865.6875
14910, -906857.5625
14920, -906869.0
14930, -906869.0625
14940, -906865.375
14950, -906861.9375
14960, -906855.5625
14970, -906883.8125
14980, -906873.5625
14990, -906863.25
15000, -906884.6875
15010, -906867.25
15020, -906851.1875
15030, -906867.125
15040, -906871.0
15050, -906857.0625
15060, -906857.0
15070, -906870.6875
15080, -906852.4375
15090, -906867.875
15100, -906866.6875
15110, -906873.1875
15120, -906827.5
15130, -906843.9375
15140, -906854.0
15150, -906849.625
15160, -906842.25
15170, -906847.625
15180, -906856.1875
15190, -906864.375
15200, -906824.375
15210, -906861.6875
15220, -906858.3125
15230, -906876.1875
15240, -906874.125
15250, -906866.4375
15260, -906871.125
15270, -906883.5625
15280, -906855.1875
15290, -906862.5625
15300, -906875.75
15310, -906862.4375
15320, -906865.0
15330, -906852.5
15340, -906859.3125
15350, -906873.0625
15360, -906868.5
15370, -906836.25
15380, -906841.0
15390, -906855.5625
15400, -906849.8125
15410, -906822.8125
15420, -906848.75
15430, -906857.625
15440, -906862.4375
15450, -906855.4375
15460, -906859.9375
15470, -906852.625
15480, -906847.9375
15490, -906842.875
15500, -906856.1875
15510, -906851.375
15520, -906878.5
15530, -906855.4375
15540, -906856.0625
15550, -906851.5
15560, -906860.4375
15570, -906848.875
15580, -906879.0625
15590, -906851.9375
15600, -906856.0625
15610, -906852.5625
15620, -906867.5
15630, -906848.0
15640, -906853.0625
15650, -906855.125
15660, -906848.3125
15670, -906853.4375
15680, -906860.6875
15690, -906842.9375
15700, -906853.6875
15710, -906832.9375
15720, -906832.75
15730, -906831.8125
15740, -906847.4375
15750, -906874.5
15760, -906835.25
15770, -906871.8125
15780, -906853.3125
15790, -906872.125
15800, -906847.6875
15810, -906850.375
15820, -906839.6875
15830, -906852.3125
15840, -906865.625
15850, -906855.4375
15860, -906859.9375
15870, -906838.875
15880, -906861.3125
15890, -906852.875
15900, -906871.625
15910, -906857.4375
15920, -906857.375
15930, -906881.5
15940, -906859.75
15950, -906873.8125
15960, -906857.6875
15970, -906854.4375
15980, -906856.5
15990, -906867.125
16000, -906855.875
16010, -906884.4375
16020, -906859.0625
16030, -906850.1875
16040, -906875.1875
16050, -906848.8125
16060, -906870.375
16070, -906841.0
16080, -906863.875
16090, -906846.5625
16100, -906851.375
16110, -906841.25
16120, -906856.5
16130, -906865.375
16140, -906860.75
16150, -906876.125
16160, -906870.75
16170, -906870.25
16180, -906852.3125
16190, -906868.75
16200, -906852.3125
16210, -906839.9375
16220, -906865.0625
16230, -906879.0625
16240, -906849.8125
16250, -906848.0
16260, -906854.0625
16270, -906860.3125
16280, -906840.3125
16290, -906818.6875
16300, -906861.3125
16310, -906863.6875
16320, -906861.9375
16330, -906875.5
16340, -906874.4375
16350, -906866.75
16360, -906864.8125
16370, -906871.0625
16380, -906858.125
16390, -906868.75
16400, -906872.125
16410, -906871.0
16420, -906858.4375
16430, -906864.6875
16440, -906867.0
16450, -906860.875
16460, -906886.0
16470, -906868.25
16480, -906860.875
16490, -906875.5625
16500, -906857.6875
16510, -906844.9375
16520, -906834.9375
16530, -906851.3125
16540, -906860.5625
16550, -906877.5625
16560, -906868.75
16570, -906859.9375
16580, -906852.3125
16590, -906852.0625
16600, -906839.1875
16610, -906856.4375
16620, -906850.625
16630, -906857.4375
16640, -906868.375
16650, -906864.8125
16660, -906854.75
16670, -906845.25
16680, -906842.9375
16690, -906894.0625
16700, -906855.3125
16710, -906860.1875
16720, -906856.1875
16730, -906873.625
16740, -906856.0
16750, -906875.3125
16760, -906865.625
16770, -906841.0
16780, -906859.0625
16790, -906858.3125
16800, -906860.1875
16810, -906849.9375
16820, -906856.5
16830, -906869.0
16840, -906841.75
16850, -906847.375
16860, -906873.625
16870, -906869.5
16880, -906869.0
16890, -906843.6875
16900, -906852.875
16910, -906857.75
16920, -906869.6875
16930, -906834.9375
16940, -906862.1875
16950, -906868.0
16960, -906861.625
16970, -906854.25
16980, -906842.5
16990, -906837.8125
17000, -906856.25
17010, -906857.4375
17020, -906854.0625
17030, -906873.9375
17040, -906843.125
17050, -906829.8125
17060, -906852.8125
17070, -906860.25
17080, -906833.6875
17090, -906861.0
17100, -906841.8125
17110, -906853.3125
17120, -906831.25
17130, -906842.6875
17140, -906845.5
17150, -906856.5625
17160, -906838.375
17170, -906832.875
17180, -906825.875
17190, -906839.5
17200, -906846.875
17210, -906872.75
17220, -906857.4375
17230, -906863.875
17240, -906841.0
17250, -906853.125
17260, -906866.9375
17270, -906872.625
17280, -906849.8125
17290, -906842.9375
17300, -906847.6875
17310, -906838.375
17320, -906861.125
17330, -906850.0
17340, -906841.5
17350, -906860.6875
17360, -906846.9375
17370, -906876.875
17380, -906848.0625
17390, -906861.25
17400, -906839.4375
17410, -906853.375
17420, -906867.125
17430, -906863.125
17440, -906862.0
17450, -906853.6875
17460, -906859.375
17470, -906869.875
17480, -906846.0
17490, -906876.1875
17500, -906859.0
17510, -906863.0
17520, -906857.0625
17530, -906863.125
17540, -906854.5
17550, -906880.125
17560, -906860.3125
17570, -906879.1875
17580, -906871.5625
17590, -906866.8125
17600, -906865.0
17610, -906857.6875
17620, -906880.875
17630, -906851.125
17640, -906855.5625
17650, -906863.3125
17660, -906840.6875
17670, -906874.1875
17680, -906873.625
17690, -906864.4375
17700, -906857.625
17710, -906872.1875
17720, -906857.3125
17730, -906873.75
17740, -906871.125
17750, -906853.1875
17760, -906866.6875
17770, -906857.3125
17780, -906867.5
17790, -906858.5
17800, -906874.125
17810, -906869.875
17820, -906862.8125
17830, -906862.75
17840, -906832.0
17850, -906871.5625
17860, -906851.9375
17870, -906869.3125
17880, -906836.125
17890, -906849.3125
17900, -906834.0625
17910, -906849.1875
17920, -906820.375
17930, -906840.0625
17940, -906861.3125
17950, -906841.125
17960, -906849.6875
17970, -906839.375
17980, -906841.25
17990, -906837.125
18000, -906852.0
18010, -906853.4375
18020, -906863.875
18030, -906830.875
18040, -906832.3125
18050, -906856.75
18060, -906853.1875
18070, -906861.875
18080, -906861.5625
18090, -906838.125
18100, -906889.375
18110, -906846.25
18120, -906873.9375
18130, -906864.9375
18140, -906826.75
18150, -906862.1875
18160, -906857.3125
18170, -906865.875
18180, -906861.0625
18190, -906865.625
18200, -906874.25
18210, -906854.3125
18220, -906870.25
18230, -906873.5625
18240, -906853.3125
18250, -906859.3125
18260, -906842.375
18270, -906842.375
18280, -906843.8125
18290, -906868.125
18300, -906847.125
18310, -906847.5
18320, -906842.0625
18330, -906851.625
18340, -906849.625
18350, -906830.3125
18360, -906873.3125
18370, -906854.0
18380, -906851.6875
18390, -906858.6875
18400, -906852.4375
18410, -906856.875
18420, -906867.6875
18430, -906860.6875
18440, -906871.6875
18450, -906855.75
18460, -906875.1875
18470, -906859.875
18480, -906833.0
18490, -906860.5
18500, -906863.4375
18510, -906853.3125
18520, -906860.6875
18530, -906827.4375
18540, -906833.8125
18550, -906841.5
18560, -906837.375
18570, -906862.125
18580, -906839.375
18590, -906856.5625
18600, -906826.9375
18610, -906845.625
18620, -906855.6875
18630, -906819.9375
18640, -906862.75
18650, -906855.9375
18660, -906867.25
18670, -906855.0625
18680, -906867.3125
18690, -906825.625
18700, -906857.0
18710, -906847.625
18720, -906837.4375
18730, -906821.3125
18740, -906851.5
18750, -906822.6875
18760, -906831.3125
18770, -906864.9375
18780, -906863.5625
18790, -906819.9375
18800, -906827.25
18810, -906846.3125
18820, -906872.5
18830, -906857.5625
18840, -906837.875
18850, -906859.75
18860, -906830.625
18870, -906857.5625
18880, -906838.8125
18890, -906850.3125
18900, -906871.3125
18910, -906836.6875
18920, -906855.875
18930, -906837.75
18940, -906868.1875
18950, -906833.75
18960, -906873.875
18970, -906854.0
18980, -906855.875
18990, -906847.5
19000, -906843.9375
19010, -906834.625
19020, -906851.0625
19030, -906871.8125
19040, -906856.25
19050, -906871.0625
19060, -906884.625
19070, -906879.4375
19080, -906869.125
19090, -906849.3125
19100, -906865.3125
19110, -906872.6875
19120, -906875.875
19130, -906869.5625
19140, -906849.5
19150, -906850.8125
19160, -906876.6875
19170, -906877.375
19180, -906851.75
19190, -906876.9375
19200, -906870.8125
19210, -906885.4375
19220, -906874.9375
19230, -906881.0625
19240, -906864.4375
19250, -906873.0625
19260, -906861.625
19270, -906880.9375
19280, -906874.75
19290, -906866.75
19300, -906886.875
19310, -906869.25
19320, -906870.625
19330, -906859.3125
19340, -906879.3125
19350, -906883.75
19360, -906877.375
19370, -906881.75
19380, -906880.3125
19390, -906868.9375
19400, -906863.4375
19410, -906876.375
19420, -906875.9375
19430, -906855.3125
19440, -906865.25
19450, -906855.6875
19460, -906846.375
19470, -906880.1875
19480, -906838.8125
19490, -906849.625
19500, -906857.9375
19510, -906871.5625
19520, -906825.5625
19530, -906859.5625
19540, -906861.0625
19550, -906871.25
19560, -906879.1875
19570, -906854.875
19580, -906860.0
19590, -906868.6875
19600, -906861.125
19610, -906869.125
19620, -906841.75
19630, -906856.4375
19640, -906843.0625
19650, -906835.0
19660, -906842.8125
19670, -906872.1875
19680, -906835.1875
19690, -906846.5625
19700, -906849.1875
19710, -906866.9375
19720, -906870.4375
19730, -906861.3125
19740, -906858.1875
19750, -906858.875
19760, -906874.125
19770, -906876.0625
19780, -906875.0625
19790, -906878.625
19800, -906877.8125
19810, -906844.5
19820, -906877.0
19830, -906870.4375
19840, -906856.0
19850, -906861.6875
19860, -906886.0625
19870, -906866.9375
19880, -906871.0625
19890, -906857.375
19900, -906872.6875
19910, -906865.625
19920, -906868.25
19930, -906858.0
19940, -906832.5625
19950, -906860.4375
19960, -906845.75
19970, -906842.5
19980, -906860.3125
19990, -906834.0
20000, -906855.875
20010, -906838.125
20020, -906880.375
20030, -906834.875
20040, -906885.5625
20050, -906862.5
20060, -906873.8125
20070, -906858.75
20080, -906852.0625
20090, -906867.125
20100, -906849.9375
20110, -906859.75
20120, -906839.9375
20130, -906858.75
20140, -906852.875
20150, -906862.3125
20160, -906846.875
20170, -906857.875
20180, -906871.375
20190, -906858.5625
20200, -906872.25
20210, -906857.375
20220, -906862.5
20230, -906866.5625
20240, -906880.0625
20250, -906873.3125
20260, -906860.3125
20270, -906865.125
20280, -906856.0
20290, -906866.375
20300, -906871.0
20310, -906849.8125
20320, -906843.0625
20330, -906836.6875
20340, -906838.125
20350, -906830.375
20360, -906836.9375
20370, -906853.0625
20380, -906854.5625
20390, -906863.375
20400, -906857.9375
20410, -906861.125
20420, -906846.0625
20430, -906858.0
20440, -906863.8125
20450, -906855.5625
20460, -906828.9375
20470, -906842.9375
20480, -906875.75
20490, -906865.3125
20500, -906868.75
20510, -906869.25
20520, -906865.3125
20530, -906853.4375
20540, -906873.3125
20550, -906860.125
20560, -906876.1875
20570, -906877.8125
20580, -906882.0625
20590, -906870.25
20600, -906877.25
20610, -906870.4375
20620, -906846.3125
20630, -906869.8125
20640, -906854.3125
20650, -906856.0
20660, -906863.9375
20670, -906859.625
20680, -906839.0
20690, -906864.6875
20700, -906866.1875
20710, -906848.5
20720, -906866.4375
20730, -906860.5625
20740, -906861.0625
20750, -906864.0
20760, -906869.3125
20770, -906876.3125
20780, -906871.625
20790, -906861.5625
20800, -906861.0625
20810, -906857.0625
20820, -906865.625
20830, -906870.125
20840, -906875.0625
20850, -906883.8125
20860, -906870.25
20870, -906868.4375
20880, -906833.875
20890, -906865.25
20900, -906839.125
20910, -906856.0625
20920, -906842.0
20930, -906871.0625
20940, -906864.0
20950, -906862.1875
20960, -906850.75
20970, -906841.125
20980, -906829.0
20990, -906791.5625
21000, -906857.875
21010, -906830.0
21020, -906840.375
21030, -906846.5625
21040, -906827.8125
21050, -906859.375
21060, -906860.8125
21070, -906859.5625
21080, -906871.625
21090, -906853.6875
21100, -906861.6875
21110, -906846.875
21120, -906858.6875
21130, -906824.4375
21140, -906812.125
21150, -906856.75
21160, -906854.4375
21170, -906836.875
21180, -906829.25
21190, -906855.875
21200, -906848.625
21210, -906832.75
21220, -906845.1875
21230, -906837.875
21240, -906852.4375
21250, -906829.1875
21260, -906844.875
21270, -906854.0
21280, -906822.75
21290, -906827.25
21300, -906841.6875
21310, -906801.1875
21320, -906831.5625
21330, -906919.375
21340, -906856.4375
21350, -906880.1875
21360, -906853.125
21370, -906859.5625
21380, -906855.0625
21390, -906847.375
21400, -906877.25
21410, -906854.3125
21420, -906837.6875
21430, -906872.75
21440, -906863.4375
21450, -906870.6875
21460, -906869.5
21470, -906871.25
21480, -906840.375
21490, -906859.5625
21500, -906856.75
21510, -906857.875
21520, -906846.5
21530, -906843.9375
21540, -906856.5625
21550, -906878.6875
21560, -906842.3125
21570, -906874.4375
21580, -906842.125
21590, -906865.375
21600, -906849.3125
21610, -906860.125
21620, -906877.5
21630, -906868.75
21640, -906858.0
21650, -906873.375
21660, -906862.25
21670, -906870.375
21680, -906866.5625
21690, -906864.75
21700, -906864.5625
21710, -906864.1875
21720, -906863.4375
21730, -906861.0625
21740, -906874.8125
21750, -906844.25
21760, -906871.0
21770, -906861.375
21780, -906832.6875
21790, -906839.25
21800, -906834.875
21810, -906858.75
21820, -906828.0
21830, -906857.75
21840, -906859.5625
21850, -906849.9375
21860, -906817.3125
21870, -906840.4375
21880, -906859.125
21890, -906861.8125
21900, -906862.75
21910, -906852.625
21920, -906844.8125
21930, -906832.1875
21940, -906859.375
21950, -906848.75
21960, -906833.875
21970, -906861.4375
21980, -906861.6875
21990, -906851.6875
22000, -906838.875
22010, -906838.0625
22020, -906868.1875
22030, -906856.875
22040, -906858.5
22050, -906861.875
22060, -906855.6875
22070, -906843.9375
22080, -906859.875
22090, -906842.25
22100, -906872.75
22110, -906838.0625
22120, -906848.25
22130, -906869.0625
22140, -906876.6875
22150, -906858.3125
22160, -906847.375
22170, -906875.5625
22180, -906845.4375
22190, -906856.625
22200, -906846.5625
22210, -906859.4375
22220, -906843.75
22230, -906860.125
22240, -906841.1875
22250, -906865.125
22260, -906860.6875
22270, -906847.75
22280, -906849.125
22290, -906864.9375
22300, -906864.6875
22310, -906881.4375
22320, -906868.5625
22330, -906838.8125
22340, -906862.1875
22350, -906858.5
22360, -906872.375
22370, -906852.0625
22380, -906855.3125
22390, -906843.5
22400, -906836.5625
22410, -906872.625
22420, -906833.5625
22430, -906847.5
22440, -906875.5
22450, -906864.25
22460, -906871.5
22470, -906857.625
22480, -906865.0
22490, -906869.375
22500, -906855.3125
22510, -906881.0
22520, -906850.625
22530, -906845.5
22540, -906856.3125
22550, -906849.375
22560, -906874.125
22570, -906871.0
22580, -906869.6875
22590, -906855.75
22600, -906868.125
22610, -906847.625
22620, -906844.8125
22630, -906848.25
22640, -906852.25
22650, -906860.0
22660, -906857.0
22670, -906861.4375
22680, -906841.9375
22690, -906865.9375
22700, -906859.6875
22710, -906858.125
22720, -906842.6875
22730, -906866.4375
22740, -906846.1875
22750, -906871.375
22760, -906870.9375
22770, -906841.125
22780, -906837.25
22790, -906848.25
22800, -906850.25
22810, -906835.1875
22820, -906849.6875
22830, -906849.4375
22840, -906854.5625
22850, -906825.0
22860, -906841.75
22870, -906819.375
22880, -906847.0625
22890, -906840.8125
22900, -906858.8125
22910, -906837.5625
22920, -906869.0
22930, -906855.625
22940, -906867.5
22950, -906871.125
22960, -906843.1875
22970, -906832.0
22980, -906867.25
22990, -906843.375
23000, -906869.125
23010, -906842.0
23020, -906867.375
23030, -906854.625
23040, -906875.75
23050, -906864.125
23060, -906845.0625
23070, -906859.6875
23080, -906846.5
23090, -906866.25
23100, -906840.625
23110, -906844.875
23120, -906855.375
23130, -906828.9375
23140, -906862.875
23150, -906869.5
23160, -906846.6875
23170, -906837.125
23180, -906866.9375
23190, -906850.75
23200, -906873.625
23210, -906836.9375
23220, -906864.375
23230, -906879.0
23240, -906880.5
23250, -906842.375
23260, -906869.3125
23270, -906855.4375
23280, -906871.625
23290, -906839.375
23300, -906860.25
23310, -906872.4375
23320, -906855.5625
23330, -906868.9375
23340, -906860.5
23350, -906862.25
23360, -906863.9375
23370, -906882.0
23380, -906863.3125
23390, -906846.3125
23400, -906873.5625
23410, -906867.0625
23420, -906876.375
23430, -906861.6875
23440, -906866.125
23450, -906841.25
23460, -906863.625
23470, -906858.5625
23480, -906873.5
23490, -906833.3125
23500, -906852.5
23510, -906843.5
23520, -906862.5
23530, -906845.1875
23540, -906863.625
23550, -906838.375
23560, -906868.375
23570, -906880.875
23580, -906849.3125
23590, -906853.0625
23600, -906859.375
23610, -906829.5625
23620, -906862.8125
23630, -906864.8125
23640, -906855.375
23650, -906861.9375
23660, -906847.0625
23670, -906838.875
23680, -906849.0625
23690, -906826.1875
23700, -906862.125
23710, -906854.875
23720, -906845.8125
23730, -906845.1875
23740, -906846.25
23750, -906829.3125
23760, -906842.0625
23770, -906823.875
23780, -906853.3125
23790, -906847.0625
23800, -906856.8125
23810, -906840.9375
23820, -906833.5625
23830, -906860.125
23840, -906827.3125
23850, -906852.5625
23860, -906847.375
23870, -906872.9375
23880, -906854.25
23890, -906874.8125
23900, -906867.6875
23910, -906869.25
23920, -906850.0
23930, -906866.8125
23940, -906856.4375
23950, -906871.3125
23960, -906855.1875
23970, -906853.75
23980, -906856.75
23990, -906869.0
24000, -906829.0
24010, -906826.9375
24020, -906866.25
24030, -906844.125
24040, -906848.8125
24050, -906842.0625
24060, -906850.375
24070, -906857.375
24080, -906852.875
24090, -906855.875
24100, -906843.5
24110, -906847.0625
24120, -906864.5625
24130, -906846.5
24140, -906849.9375
24150, -906886.125
24160, -906847.6875
24170, -906875.625
24180, -906867.6875
24190, -906867.0625
24200, -906848.9375
24210, -906869.125
24220, -906868.75
24230, -906875.1875
24240, -906883.0
24250, -906856.75
24260, -906867.5625
24270, -906869.8125
24280, -906875.75
24290, -906849.8125
24300, -906856.25
24310, -906869.0
24320, -906851.5
24330, -906869.3125
24340, -906871.9375
24350, -906864.75
24360, -906883.875
24370, -906869.8125
24380, -906843.375
24390, -906864.5625
24400, -906848.8125
24410, -906856.4375
24420, -906859.0
24430, -906857.875
24440, -906855.1875
24450, -906863.125
24460, -906867.3125
24470, -906844.875
24480, -906850.9375
24490, -906857.75
24500, -906856.8125
24510, -906827.4375
24520, -906866.1875
24530, -906851.875
24540, -906868.6875
24550, -906856.0
24560, -906864.375
24570, -906857.3125
24580, -906872.125
24590, -906878.0625
24600, -906876.1875
24610, -906888.625
24620, -906850.25
24630, -906883.625
24640, -906864.5625
24650, -906859.875
24660, -906865.9375
24670, -906869.5
24680, -906876.3125
24690, -906873.25
24700, -906874.25
24710, -906878.6875
24720, -906862.3125
24730, -906874.6875
24740, -906858.4375
24750, -906854.5
24760, -906854.0
24770, -906851.9375
24780, -906842.8125
24790, -906820.0625
24800, -906837.875
24810, -906851.5
24820, -906848.25
24830, -906838.375
24840, -906831.3125
24850, -906873.0625
24860, -906844.0
24870, -906857.375
24880, -906854.0625
24890, -906876.9375
24900, -906860.5
24910, -906839.9375
24920, -906836.5625
24930, -906847.6875
24940, -906822.4375
24950, -906823.75
24960, -906843.375
24970, -906858.75
24980, -906844.25
24990, -906847.1875
25000, -906842.0
25010, -906859.625
25020, -906864.4375
25030, -906870.75
25040, -906849.6875
25050, -906843.375
25060, -906869.125
25070, -906859.125
25080, -906872.25
25090, -906865.0625
25100, -906875.3125
25110, -906866.375
25120, -906884.125
25130, -906859.4375
25140, -906866.5625
25150, -906857.0
25160, -906863.625
25170, -906852.5
25180, -906861.8125
25190, -906858.125
25200, -906864.5
25210, -906861.8125
25220, -906843.4375
25230, -906859.375
25240, -906870.375
25250, -906858.25
25260, -906869.5
25270, -906839.5625
25280, -906863.5625
25290, -906847.625
25300, -906848.0
25310, -906865.8125
25320, -906864.9375
25330, -906847.1875
25340, -906852.75
25350, -906845.75
25360, -906831.3125
25370, -906837.25
25380, -906872.1875
25390, -906845.8125
25400, -906852.0625
25410, -906874.4375
25420, -906861.25
25430, -906859.375
25440, -906855.1875
25450, -906867.625
25460, -906851.125
25470, -906856.875
25480, -906867.9375
25490, -906878.4375
25500, -906852.8125
25510, -906860.3125
25520, -906862.875
25530, -906842.5625
25540, -906878.125
25550, -906840.625
25560, -906832.75
25570, -906852.5625
25580, -906856.3125
25590, -906871.875
25600, -906843.1875
25610, -906861.0625
25620, -906851.3125
25630, -906858.4375
25640, -906849.3125
25650, -906861.625
25660, -906857.875
25670, -906844.5
25680, -906859.6875
25690, -906859.0
25700, -906877.3125
25710, -906842.125
25720, -906855.75
25730, -906845.125
25740, -906861.6875
25750, -906854.625
25760, -906844.9375
25770, -906873.8125
25780, -906861.9375
25790, -906844.875
25800, -906845.375
25810, -906861.3125
25820, -906852.4375
25830, -906852.0
25840, -906855.875
25850, -906868.1875
25860, -906839.75
25870, -906871.375
25880, -906848.3125
25890, -906878.75
25900, -906866.8125
25910, -906873.5
25920, -906861.3125
25930, -906879.875
25940, -906863.9375
25950, -906857.0625
25960, -906889.8125
25970, -906876.0625
25980, -906875.0
25990, -906876.375
26000, -906877.5
26010, -906869.25
26020, -906886.375
26030, -906868.8125
26040, -906866.75
26050, -906883.625
26060, -906875.875
26070, -906853.375
26080, -906874.0625
26090, -906866.9375
26100, -906855.0625
26110, -906861.9375
26120, -906859.4375
26130, -906869.625
26140, -906847.8125
26150, -906844.875
26160, -906835.6875
26170, -906863.3125
26180, -906858.1875
26190, -906859.625
26200, -906849.75
26210, -906852.75
26220, -906852.5625
26230, -906846.6875
26240, -906860.75
26250, -906854.1875
26260, -906861.3125
26270, -906855.125
26280, -906861.6875
26290, -906856.75
26300, -906850.5
26310, -906847.4375
26320, -906859.3125
26330, -906847.25
26340, -906842.0625
26350, -906859.125
26360, -906850.0
26370, -906862.125
26380, -906861.875
26390, -906841.25
26400, -906846.375
26410, -906850.625
26420, -906858.6875
26430, -906848.5
26440, -906828.5
26450, -906850.625
26460, -906841.1875
26470, -906852.4375
26480, -906837.875
26490, -906869.875
26500, -906854.875
26510, -906838.625
26520, -906852.4375
26530, -906864.6875
26540, -906881.5
26550, -906842.25
26560, -906857.0
26570, -906853.0625
26580, -906857.9375
26590, -906855.5625
26600, -906860.6875
26610, -906856.0
26620, -906864.9375
26630, -906849.4375
26640, -906856.875
26650, -906854.4375
26660, -906877.1875
26670, -906866.0
26680, -906849.6875
26690, -906857.6875
26700, -906857.375
26710, -906870.625
26720, -906857.875
26730, -906853.375
26740, -906835.125
26750, -906848.0625
26760, -906850.3125
26770, -906827.4375
26780, -906858.1875
26790, -906858.25
26800, -906835.5
26810, -906828.3125
26820, -906825.875
26830, -906833.4375
26840, -906862.875
26850, -906841.5
26860, -906850.625
26870, -906822.125
26880, -906871.8125
26890, -906866.1875
26900, -906867.125
26910, -906850.8125
26920, -906851.6875
26930, -906871.5
26940, -906834.3125
26950, -906864.9375
26960, -906872.625
26970, -906857.125
26980, -906844.875
26990, -906865.0
27000, -906834.25
27010, -906851.6875
27020, -906847.625
27030, -906849.5
27040, -906858.125
27050, -906845.1875
27060, -906856.1875
27070, -906846.625
27080, -906834.6875
27090, -906829.4375
27100, -906824.4375
27110, -906837.0
27120, -906818.75
27130, -906794.5
27140, -906808.8125
27150, -906842.8125
27160, -906841.4375
27170, -906851.125
27180, -906849.3125
27190, -906844.0
27200, -906859.6875
27210, -906842.8125
27220, -906818.9375
27230, -906834.0
27240, -906856.5
27250, -906856.25
27260, -906832.3125
27270, -906838.0
27280, -906873.0
27290, -906845.1875
27300, -906856.75
27310, -906859.1875
27320, -906864.8125
27330, -906837.5625
27340, -906840.9375
27350, -906824.125
27360, -906869.8125
27370, -906847.75
27380, -906853.375
27390, -906853.5
27400, -906861.3125
27410, -906853.75
27420, -906846.0625
27430, -906863.8125
27440, -906860.3125
27450, -906864.125
27460, -906867.0
27470, -906856.25
27480, -906864.375
27490, -906865.4375
27500, -906857.875
27510, -906860.5
27520, -906856.0625
27530, -906838.0625
27540, -906849.625
27550, -906828.0
27560, -906855.0625
27570, -906846.0
27580, -906850.25
27590, -906845.6875
27600, -906861.6875
27610, -906853.75
27620, -906865.0
27630, -906825.1875
27640, -906874.4375
27650, -906831.0
27660, -906854.625
27670, -906844.125
27680, -906853.625
27690, -906849.375
27700, -906840.875
27710, -906862.1875
27720, -906860.25
27730, -906852.5
27740, -906865.125
27750, -906866.9375
27760, -906869.625
27770, -906854.625
27780, -906886.9375
27790, -906887.5625
27800, -906860.4375
27810, -906871.0625
27820, -906858.5
27830, -906861.375
27840, -906860.75
27850, -906860.875
27860, -906866.375
27870, -906867.3125
27880, -906857.75
27890, -906840.625
27900, -906857.875
27910, -906859.0625
27920, -906870.8125
27930, -906856.1875
27940, -906876.6875
27950, -906874.1875
27960, -906880.0625
27970, -906856.0625
27980, -906863.9375
27990, -906877.8125
28000, -906863.625
28010, -906886.375
28020, -906841.9375
28030, -906856.0625
28040, -906870.125
28050, -906880.0
28060, -906848.5625
28070, -906861.3125
28080, -906860.4375
28090, -906851.9375
28100, -906861.875
28110, -906854.8125
28120, -906852.25
28130, -906849.6875
28140, -906849.4375
28150, -906863.0
28160, -906863.3125
28170, -906852.5
28180, -906871.375
28190, -906864.5625
28200, -906860.75
28210, -906850.5
28220, -906853.0625
28230, -906856.875
28240, -906859.3125
28250, -906856.3125
28260, -906871.6875
28270, -906890.125
28280, -906881.8125
28290, -906865.8125
28300, -906876.375
28310, -906868.1875
28320, -906849.5
28330, -906859.4375
28340, -906847.0625
28350, -906858.1875
28360, -906842.125
28370, -906867.3125
28380, -906846.625
28390, -906852.9375
28400, -906846.875
28410, -906871.5625
28420, -906875.0
28430, -906854.0625
28440, -906855.3125
28450, -906873.0
28460, -906854.1875
28470, -906850.8125
28480, -906868.4375
28490, -906863.3125
28500, -906836.4375
28510, -906864.75
28520, -906864.25
28530, -906871.625
28540, -906885.1875
28550, -906858.3125
28560, -906856.25
28570, -906858.6875
28580, -906854.25
28590, -906872.1875
28600, -906867.125
28610, -906854.875
28620, -906851.75
28630, -906866.6875
28640, -906848.9375
28650, -906876.875
28660, -906857.4375
28670, -906860.6875
28680, -906854.0625
28690, -906861.9375
28700, -906847.25
28710, -906857.4375
28720, -906830.9375
28730, -906858.125
28740, -906834.9375
28750, -906838.625
28760, -906856.3125
28770, -906858.6875
28780, -906861.125
28790, -906867.625
28800, -906854.1875
28810, -906923.0625
28820, -906827.25
28830, -906845.375
28840, -906843.75
28850, -906857.9375
28860, -906851.625
28870, -906851.5
28880, -906848.1875
28890, -906858.875
28900, -906864.25
28910, -906878.375
28920, -906872.5
28930, -906869.5
28940, -906873.25
28950, -906872.625
28960, -906870.0625
28970, -906860.875
28980, -906848.5
28990, -906874.0625
29000, -906848.1875
29010, -906878.0625
29020, -906830.125
29030, -906865.375
29040, -906862.3125
29050, -906836.0
29060, -906840.125
29070, -906855.6875
29080, -906859.6875
29090, -906849.4375
29100, -906866.25
29110, -906856.8125
29120, -906853.3125
29130, -906865.0
29140, -906867.0625
29150, -906853.875
29160, -906853.1875
29170, -906864.375
29180, -906860.5625
29190, -906837.4375
29200, -906845.4375
29210, -906853.4375
29220, -906859.375
29230, -906864.4375
29240, -906866.5625
29250, -906855.9375
29260, -906872.8125
29270, -906855.375
29280, -906855.125
29290, -906850.5625
29300, -906866.0
29310, -906863.125
29320, -906846.8125
29330, -906873.0
29340, -906851.3125
29350, -906834.6875
29360, -906876.0625
29370, -906851.9375
29380, -906854.25
29390, -906837.1875
29400, -906858.75
29410, -906843.5
29420, -906855.1875
29430, -906860.4375
29440, -906870.9375
29450, -906844.0625
29460, -906849.3125
29470, -906876.6875
29480, -906859.1875
29490, -906848.875
29500, -906847.125
29510, -906850.3125
29520, -906850.375
29530, -906853.375
29540, -906863.3125
29550, -906873.75
29560, -906854.1875
29570, -906856.625
29580, -906866.0
29590, -906859.5625
29600, -906855.75
29610, -906860.0
29620, -906868.1875
29630, -906838.4375
29640, -906854.5625
29650, -906815.125
29660, -906829.1875
29670, -906834.0625
29680, -906844.5
29690, -906862.125
29700, -906859.0
29710, -906860.5625
29720, -906845.8125
29730, -906870.25
29740, -906838.9375
29750, -906848.5625
29760, -906861.875
29770, -906838.3125
29780, -906846.6875
29790, -906855.125
29800, -906857.75
29810, -906849.375
29820, -906837.125
29830, -906824.375
29840, -906860.25
29850, -906835.875
29860, -906855.4375
29870, -906848.9375
29880, -906837.4375
29890, -906861.8125
29900, -906859.3125
29910, -906843.5625
29920, -906841.5
29930, -906836.0625
29940, -906835.8125
29950, -906860.25
29960, -906849.0625
29970, -906858.8125
29980, -906845.9375
29990, -906844.5625
30000, -906871.5625
30010, -906872.9375
30020, -906874.1875
30030, -906868.125
30040, -906847.4375
30050, -906857.375
30060, -906844.25
30070, -906841.1875
30080, -906854.75
30090, -906835.5625
30100, -906861.625
30110, -906849.3125
30120, -906834.25
30130, -906876.0625
30140, -906879.0
30150, -906823.9375
30160, -906855.4375
30170, -906869.625
30180, -906868.0
30190, -906850.0625
30200, -906850.5625
30210, -906855.0
30220, -906854.75
30230, -906862.6875
30240, -906849.625
30250, -906846.6875
30260, -906844.9375
30270, -906871.0625
30280, -906852.5625
30290, -906855.875
30300, -906853.4375
30310, -906854.875
30320, -906878.875
30330, -906872.9375
30340, -906858.6875
30350, -906875.8125
30360, -906882.0
30370, -906862.5
30380, -906854.25
30390, -906868.75
30400, -906842.6875
30410, -906866.125
30420, -906843.5625
30430, -906869.25
30440, -906863.375
30450, -906868.6875
30460, -906863.625
30470, -906867.3125
30480, -906870.9375
30490, -906850.75
30500, -906844.3125
30510, -906861.875
30520, -906871.25
30530, -906859.875
30540, -906874.0625
30550, -906860.6875
30560, -906859.0
30570, -906871.3125
30580, -906867.6875
30590, -906868.8125
30600, -906875.25
30610, -906863.0
30620, -906872.5
30630, -906862.125
30640, -906860.5
30650, -906856.875
30660, -906872.375
30670, -906857.9375
30680, -906854.25
30690, -906861.5625
30700, -906830.6875
30710, -906835.5625
30720, -906848.8125
30730, -906843.375
30740, -906859.0
30750, -906861.25
30760, -906873.1875
30770, -906859.0625
30780, -906880.1875
30790, -906850.0625
30800, -906851.875
30810, -906845.25
30820, -906874.8125
30830, -906840.5625
30840, -906827.8125
30850, -906830.875
30860, -906859.125
30870, -906835.25
30880, -906869.0625
30890, -906867.5
30900, -906870.125
30910, -906841.125
30920, -906845.9375
30930, -906853.875
30940, -906856.0625
30950, -906825.875
30960, -906863.0625
30970, -906842.5625
30980, -906843.6875
30990, -906855.6875
31000, -906823.625
31010, -906846.625
31020, -906807.5625
31030, -906861.8125
31040, -906831.5625
31050, -906852.8125
31060, -906859.0
31070, -906846.0
31080, -906855.9375
31090, -906843.4375
31100, -906862.5
31110, -906847.1875
31120, -906867.8125
31130, -906835.75
31140, -906863.4375
31150, -906862.5625
31160, -906862.6875
31170, -906871.25
31180, -906865.375
31190, -906880.5
31200, -906870.75
31210, -906877.75
31220, -906854.5625
31230, -906861.8125
31240, -906841.5625
31250, -906863.375
31260, -906859.875
31270, -906862.75
31280, -906855.125
31290, -906877.8125
31300, -906857.9375
31310, -906859.1875
31320, -906841.5
31330, -906848.75
31340, -906860.0
31350, -906872.375
31360, -906871.5
31370, -906847.375
31380, -906833.5625
31390, -906829.875
31400, -906841.125
31410, -906857.0625
31420, -906852.5625
31430, -906860.5625
31440, -906850.0625
31450, -906856.0
31460, -906830.375
31470, -906849.9375
31480, -906877.3125
31490, -906853.375
31500, -906865.8125
31510, -906864.375
31520, -906873.875
31530, -906863.3125
31540, -906831.75
31550, -906846.6875
31560, -906851.9375
31570, -906865.0625
31580, -906855.5625
31590, -906858.125
31600, -906857.875
31610, -906864.4375
31620, -906828.5
31630, -906867.125
31640, -906869.0
31650, -906878.375
31660, -906856.5625
31670, -906852.875
31680, -906844.5625
31690, -906850.8125
31700, -906831.5625
31710, -906850.5625
31720, -906832.875
31730, -906836.9375
31740, -906853.9375
31750, -906864.375
31760, -906849.4375
31770, -906859.75
31780, -906844.6875
31790, -906863.25
31800, -906850.8125
31810, -906871.3125
31820, -906865.0
31830, -906859.6875
31840, -906852.875
31850, -906871.5
31860, -906868.375
31870, -906845.0625
31880, -906870.25
31890, -906856.0
31900, -906864.4375
31910, -906872.0625
31920, -906857.0
31930, -906846.3125
31940, -906859.4375
31950, -906855.0625
31960, -906848.5
31970, -906856.0625
31980, -906862.875
31990, -906850.75
32000, -906875.8125
32010, -906857.0625
32020, -906849.75
32030, -906848.8125
32040, -906842.6875
32050, -906840.0625
32060, -906842.0625
32070, -906856.4375
32080, -906844.0
32090, -906843.0625
32100, -906857.0625
32110, -906841.75
32120, -906853.375
32130, -906856.875
32140, -906861.375
32150, -906848.5
32160, -906848.5625
32170, -906859.125
32180, -906871.5
32190, -906857.1875
32200, -906864.125
32210, -906863.6875
32220, -906846.1875
32230, -906873.5
32240, -906874.1875
32250, -906862.25
32260, -906874.1875
32270, -906871.5
32280, -906872.5
32290, -906857.125
32300, -906863.0
32310, -906868.1875
32320, -906870.5
32330, -906829.5
32340, -906849.3125
32350, -906857.125
32360, -906830.9375
32370, -906857.875
32380, -906830.1875
32390, -906849.125
32400, -906858.875
32410, -906867.375
32420, -906840.25
32430, -906835.5
32440, -906838.875
32450, -906876.1875
32460, -906833.125
32470, -906874.25
32480, -906854.1875
32490, -906848.5625
32500, -906845.1875
32510, -906875.1875
32520, -906855.625
32530, -906859.9375
32540, -906856.0
32550, -906847.1875
32560, -906830.4375
32570, -906866.5
32580, -906857.5625
32590, -906865.4375
32600, -906866.1875
32610, -906848.0625
32620, -906871.8125
32630, -906831.4375
32640, -906876.125
32650, -906852.875
32660, -906856.0
32670, -906850.375
32680, -906852.9375
32690, -906854.5
32700, -906849.0625
32710, -906849.375
32720, -906852.8125
32730, -906825.375
32740, -906850.5625
32750, -906868.75
32760, -906853.0625
32770, -906815.25
32780, -906852.875
32790, -906863.125
32800, -906878.3125
32810, -906863.6875
32820, -906860.1875
32830, -906865.375
32840, -906848.0
32850, -906866.0
32860, -906856.8125
32870, -906865.625
32880, -906864.5625
32890, -906848.0
32900, -906854.8125
32910, -906866.6875
32920, -906847.125
32930, -906856.5625
32940, -906869.6875
32950, -906856.3125
32960, -906839.4375
32970, -906840.4375
32980, -906850.375
32990, -906841.9375
33000, -906864.4375
33010, -906873.3125
33020, -906857.4375
33030, -906867.0
33040, -906868.6875
33050, -906835.3125
33060, -906838.625
33070, -906859.75
33080, -906870.4375
33090, -906863.0625
33100, -906851.625
33110, -906843.75
33120, -906836.3125
33130, -906869.5
33140, -906863.375
33150, -906841.5625
33160, -906855.3125
33170, -906846.8125
33180, -906872.25
33190, -906856.625
33200, -906862.4375
33210, -906878.125
33220, -906857.875
33230, -906873.25
33240, -906871.25
33250, -906878.9375
33260, -906880.1875
33270, -906884.0625
33280, -906866.9375
33290, -906872.25
33300, -906882.0625
33310, -906870.6875
33320, -906867.5
33330, -906851.5
33340, -906856.3125
33350, -906879.25
33360, -906867.6875
33370, -906870.9375
33380, -906865.125
33390, -906856.3125
33400, -906829.625
33410, -906847.25
33420, -906846.5625
33430, -906852.3125
33440, -906851.0625
33450, -906834.625
33460, -906858.6875
33470, -906834.25
33480, -906842.5625
33490, -906854.8125
33500, -906831.5625
33510, -906866.6875
33520, -906851.1875
33530, -906854.4375
33540, -906834.5625
33550, -906862.6875
33560, -906847.125
33570, -906852.1875
33580, -906847.6875
33590, -906865.125
33600, -906860.5625
33610, -906855.75
33620, -906828.0625
33630, -906866.5625
33640, -906849.375
33650, -906859.0625
33660, -906851.6875
33670, -906869.125
33680, -906850.875
33690, -906842.375
33700, -906859.0
33710, -906863.0
33720, -906849.1875
33730, -906848.75
33740, -906845.25
33750, -906847.8125
33760, -906860.5625
33770, -906869.3125
33780, -906864.25
33790, -906856.25
33800, -906858.8125
33810, -906863.5625
33820, -906875.375
33830, -906861.875
33840, -906854.0
33850, -906852.5625
33860, -906873.5
33870, -906853.1875
33880, -906866.0
33890, -906819.8125
33900, -906880.6875
33910, -906882.0
33920, -906872.9375
33930, -906863.4375
33940, -906868.9375
33950, -906864.5
33960, -906853.125
33970, -906882.9375
33980, -906858.875
33990, -906867.125
34000, -906868.125
34010, -906857.5625
34020, -906865.8125
34030, -906841.6875
34040, -906842.5625
34050, -906850.3125
34060, -906871.0
34070, -906873.625
34080, -906855.375
34090, -906875.625
34100, -906838.625
34110, -906867.5
34120, -906839.0
34130, -906877.5625
34140, -906863.375
34150, -906858.1875
34160, -906856.4375
34170, -906862.0
34180, -906854.25
34190, -906866.4375
34200, -906839.5625
34210, -906880.3125
34220, -906848.0625
34230, -906870.6875
34240, -906867.875
34250, -906859.3125
34260, -906873.0
34270, -906878.5
34280, -906862.75
34290, -906854.5
34300, -906867.25
34310, -906857.625
34320, -906851.4375
34330, -906859.875
34340, -906863.625
34350, -906858.75
34360, -906857.0625
34370, -906836.8125
34380, -906842.6875
34390, -906855.5625
34400, -906843.125
34410, -906862.875
34420, -906861.25
34430, -906830.9375
34440, -906856.1875
34450, -906850.0625
34460, -906838.25
34470, -906869.9375
34480, -906823.5625
34490, -906861.125
34500, -906852.4375
34510, -906872.75
34520, -906855.1875
34530, -906865.9375
34540, -906868.0
34550, -906882.3125
34560, -906863.9375
34570, -906857.9375
34580, -906844.25
34590, -906849.75
34600, -906862.125
34610, -906867.875
34620, -906860.6875
34630, -906875.3125
34640, -906864.8125
34650, -906867.25
34660, -906866.9375
34670, -906882.875
34680, -906874.0625
34690, -906867.5625
34700, -906869.8125
34710, -906869.625
34720, -906866.6875
34730, -906854.5625
34740, -906849.625
34750, -906848.9375
34760, -906849.5
34770, -906856.75
34780, -906851.3125
34790, -906870.75
34800, -906852.875
34810, -906891.9375
34820, -906856.875
34830, -906840.0
34840, -906883.0
34850, -906889.5625
34860, -906873.9375
34870, -906857.375
34880, -906845.75
34890, -906852.625
34900, -906884.875
34910, -906859.5625
34920, -906861.125
34930, -906870.125
34940, -906866.375
34950, -906877.3125
34960, -906843.25
34970, -906849.75
34980, -906843.125
34990, -906852.1875
35000, -906850.25
35010, -906856.4375
35020, -906856.75
35030, -906861.5625
35040, -906848.3125
35050, -906863.3125
35060, -906857.375
35070, -906850.9375
35080, -906867.375
35090, -906873.0
35100, -906867.9375
35110, -906856.875
35120, -906845.75
35130, -906862.5
35140, -906863.875
35150, -906860.125
35160, -906863.125
35170, -906876.4375
35180, -906873.25
35190, -906859.0
35200, -906865.0
35210, -906873.25
35220, -906873.5625
35230, -906878.375
35240, -906866.375
35250, -906874.1875
35260, -906858.5
35270, -906862.0
35280, -906852.8125
35290, -906871.625
35300, -906866.8125
35310, -906873.9375
35320, -906872.0625
35330, -906871.0
35340, -906872.75
35350, -906874.25
35360, -906875.8125
35370, -906873.375
35380, -906862.1875
35390, -906868.25
35400, -906852.9375
35410, -906870.375
35420, -906857.3125
35430, -906861.875
35440, -906888.8125
35450, -906860.875
35460, -906865.125
35470, -906863.4375
35480, -906857.4375
35490, -906850.0
35500, -906847.0625
35510, -906875.0625
35520, -906834.0
35530, -906870.1875
35540, -906851.625
35550, -906820.6875
35560, -906831.125
35570, -906864.25
35580, -906828.9375
35590, -906869.625
35600, -906833.0
35610, -906860.1875
35620, -906859.3125
35630, -906861.125
35640, -906863.8125
35650, -906874.4375
35660, -906876.6875
35670, -906867.25
35680, -906860.3125
35690, -906864.75
35700, -906864.75
35710, -906870.5
35720, -906868.4375
35730, -906858.5
35740, -906844.0
35750, -906849.125
35760, -906859.875
35770, -906876.1875
35780, -906847.6875
35790, -906842.5625
35800, -906866.1875
35810, -906831.125
35820, -906842.5625
35830, -906852.3125
35840, -906839.0
35850, -906851.9375
35860, -906856.625
35870, -906848.625
35880, -906858.6875
35890, -906848.3125
35900, -906849.0625
35910, -906863.3125
35920, -906842.125
35930, -906879.625
35940, -906848.5
35950, -906866.25
35960, -906854.5625
35970, -906838.25
35980, -906841.75
35990, -906861.5625
36000, -906840.125
36010, -906848.1875
36020, -906837.6875
36030, -906861.25
36040, -906852.875
36050, -906848.75
36060, -906859.375
36070, -906825.375
36080, -906856.5
36090, -906858.25
36100, -906855.4375
36110, -906865.9375
36120, -906869.3125
36130, -906882.4375
36140, -906843.9375
36150, -906843.8125
36160, -906834.5625
36170, -906842.375
36180, -906838.0
36190, -906859.75
36200, -906840.0625
36210, -906845.8125
36220, -906859.9375
36230, -906874.9375
36240, -906850.3125
36250, -906856.75
36260, -906853.125
36270, -906850.375
36280, -906824.125
36290, -906858.3125
36300, -906851.875
36310, -906846.0
36320, -906843.5
36330, -906851.1875
36340, -906839.375
36350, -906860.125
36360, -906848.1875
36370, -906861.4375
36380, -906871.9375
36390, -906825.625
36400, -906859.0625
36410, -906859.125
36420, -906850.0625
36430, -906855.375
36440, -906852.3125
36450, -906867.5
36460, -906837.8125
36470, -906852.25
36480, -906853.75
36490, -906828.4375
36500, -906813.5625
36510, -906844.8125
36520, -906844.25
36530, -906859.0625
36540, -906855.625
36550, -906866.9375
36560, -906860.5625
36570, -906860.6875
36580, -906864.6875
36590, -906871.5
36600, -906836.6875
36610, -906859.3125
36620, -906857.125
36630, -906866.9375
36640, -906859.875
36650, -906879.5
36660, -906872.9375
36670, -906865.625
36680, -906861.6875
36690, -906831.4375
36700, -906875.3125
36710, -906857.3125
36720, -906860.0
36730, -906871.625
36740, -906878.125
36750, -906866.25
36760, -906835.4375
36770, -906861.0
36780, -906867.0
36790, -906864.125
36800, -906828.3125
36810, -906839.6875
36820, -906848.375
36830, -906821.875
36840, -906840.375
36850, -906835.8125
36860, -906845.0625
36870, -906858.5625
36880, -906834.6875
36890, -906828.75
36900, -906856.5
36910, -906866.1875
36920, -906810.3125
36930, -906867.375
36940, -906838.5625
36950, -906841.125
36960, -906866.8125
36970, -906857.6875
36980, -906868.375
36990, -906874.125
37000, -906855.3125
37010, -906850.3125
37020, -906859.625
37030, -906868.5625
37040, -906841.0
37050, -906845.1875
37060, -906827.0625
37070, -906858.75
37080, -906849.4375
37090, -906862.25
37100, -906858.125
37110, -906854.4375
37120, -906863.875
37130, -906844.6875
37140, -906873.0625
37150, -906830.0
37160, -906840.0625
37170, -906821.25
37180, -906864.9375
37190, -906847.375
37200, -906851.0625
37210, -906840.8125
37220, -906851.6875
37230, -906854.4375
37240, -906849.6875
37250, -906851.625
37260, -906872.9375
37270, -906856.1875
37280, -906876.1875
37290, -906849.625
37300, -906862.8125
37310, -906865.0625
37320, -906885.5625
37330, -906865.125
37340, -906874.5
37350, -906875.375
37360, -906862.5625
37370, -906850.625
37380, -906866.375
37390, -906856.4375
37400, -906836.875
37410, -906844.5625
37420, -906873.375
37430, -906852.4375
37440, -906833.6875
37450, -906872.5
37460, -906870.0625
37470, -906862.4375
37480, -906865.9375
37490, -906859.3125
37500, -906863.875
37510, -906846.375
37520, -906861.125
37530, -906854.0
37540, -906861.375
37550, -906861.0
37560, -906873.5
37570, -906861.625
37580, -906873.25
37590, -906837.375
37600, -906868.5
37610, -906874.0625
37620, -906863.9375
37630, -906872.375
37640, -906864.25
37650, -906879.875
37660, -906864.6875
37670, -906876.9375
37680, -906854.625
37690, -906837.5
37700, -906854.5
37710, -906842.3125
37720, -906853.625
37730, -906847.4375
37740, -906866.375
37750, -906851.75
37760, -906867.875
37770, -906865.0
37780, -906871.8125
37790, -906860.25
37800, -906871.8125
37810, -906874.4375
37820, -906877.5
37830, -906870.125
37840, -906872.0625
37850, -906856.4375
37860, -906866.1875
37870, -906864.4375
37880, -906873.5
37890, -906872.625
37900, -906857.0
37910, -906844.0
37920, -906869.0625
37930, -906852.625
37940, -906878.625
37950, -906846.1875
37960, -906856.1875
37970, -906873.3125
37980, -906884.375
37990, -906845.1875
38000, -906882.5625
38010, -906852.5
38020, -906867.375
38030, -906862.3125
38040, -906855.4375
38050, -906855.0625
38060, -906854.625
38070, -906852.5
38080, -906885.6875
38090, -906874.9375
38100, -906842.5
38110, -906875.9375
38120, -906871.875
38130, -906840.625
38140, -906843.75
38150, -906859.5625
38160, -906890.375
38170, -906863.0
38180, -906878.875
38190, -906867.6875
38200, -906856.5
38210, -906859.1875
38220, -906874.375
38230, -906865.4375
38240, -906855.1875
38250, -906871.375
38260, -906858.3125
38270, -906874.5
38280, -906859.9375
38290, -906863.6875
38300, -906860.875
38310, -906850.1875
38320, -906868.1875
38330, -906856.75
38340, -906878.125
38350, -906870.25
38360, -906865.9375
38370, -906867.125
38380, -906863.5625
38390, -906874.25
38400, -906858.1875
38410, -906866.8125
38420, -906846.1875
38430, -906856.5625
38440, -906850.5625
38450, -906883.75
38460, -906845.6875
38470, -906866.75
38480, -906856.75
38490, -906861.3125
38500, -906854.0625
38510, -906832.3125
38520, -906865.125
38530, -906839.5
38540, -906867.0625
38550, -906850.25
38560, -906874.75
38570, -906847.1875
38580, -906854.4375
38590, -906831.0
38600, -906842.0
38610, -906863.6875
38620, -906861.0625
38630, -906849.8125
38640, -906850.25
38650, -906838.0
38660, -906831.25
38670, -906861.0
38680, -906838.6875
38690, -906875.875
38700, -906836.0
38710, -906857.3125
38720, -906849.125
38730, -906833.125
38740, -906842.0625
38750, -906853.375
38760, -906845.4375
38770, -906820.75
38780, -906824.125
38790, -906863.625
38800, -906833.875
38810, -906842.0
38820, -906841.0
38830, -906847.8125
38840, -906848.75
38850, -906861.8125
38860, -906814.9375
38870, -906841.0
38880, -906849.6875
38890, -906847.75
38900, -906863.375
38910, -906839.9375
38920, -906867.375
38930, -906868.6875
38940, -906849.9375
38950, -906865.4375
38960, -906855.625
38970, -906856.3125
38980, -906860.25
38990, -906848.9375
39000, -906866.4375
39010, -906854.1875
39020, -906873.625
39030, -906868.6875
39040, -906870.75
39050, -906869.0
39060, -906854.25
39070, -906862.125
39080, -906847.8125
39090, -906862.25
39100, -906869.5
39110, -906861.375
39120, -906834.6875
39130, -906873.875
39140, -906855.875
39150, -906868.0
39160, -906869.5625
39170, -906855.3125
39180, -906851.3125
39190, -906861.0
39200, -906861.5625
39210, -906850.875
39220, -906862.5
39230, -906849.9375
39240, -906854.5
39250, -906850.0
39260, -906839.375
39270, -906875.8125
39280, -906865.125
39290, -906871.0625
39300, -906865.0
39310, -906881.4375
39320, -906840.5625
39330, -906846.875
39340, -906853.1875
39350, -906851.125
39360, -906859.875
39370, -906867.5625
39380, -906862.875
39390, -906867.3125
39400, -906872.1875
39410, -906856.5
39420, -906845.8125
39430, -906834.5625
39440, -906870.75
39450, -906833.125
39460, -906852.0625
39470, -906846.5
39480, -906846.5
39490, -906852.4375
39500, -906844.25
39510, -906855.625
39520, -906848.25
39530, -906867.25
39540, -906847.625
39550, -906867.125
39560, -906851.375
39570, -906867.5625
39580, -906854.5
39590, -906872.375
39600, -906859.5625
39610, -906859.3125
39620, -906878.4375
39630, -906852.875
39640, -906867.3125
39650, -906881.1875
39660, -906848.0
39670, -906856.25
39680, -906866.75
39690, -906863.875
39700, -906833.125
39710, -906866.4375
39720, -906819.9375
39730, -906849.125
39740, -906863.8125
39750, -906872.0625
39760, -906864.75
39770, -906848.1875
39780, -906853.4375
39790, -906862.25
39800, -906865.6875
39810, -906867.25
39820, -906846.6875
39830, -906849.8125
39840, -906866.8125
39850, -906855.875
39860, -906865.125
39870, -906870.4375
39880, -906860.3125
39890, -906833.6875
39900, -906870.1875
39910, -906854.4375
39920, -906848.375
39930, -906850.5625
39940, -906864.6875
39950, -906864.9375
39960, -906841.1875
39970, -906860.25
39980, -906886.375
39990, -906848.5
40000, -906863.25
40010, -906850.5625
40020, -906862.0
40030, -906855.75
40040, -906872.8125
40050, -906863.375
40060, -906853.4375
40070, -906840.9375
40080, -906849.6875
40090, -906837.0
40100, -906853.5
40110, -906855.3125
40120, -906877.3125
40130, -906848.8125
40140, -906849.5
40150, -906865.6875
40160, -906856.0
40170, -906865.8125
40180, -906860.875
40190, -906863.5625
40200, -906865.6875
40210, -906855.3125
40220, -906860.5
40230, -906854.875
40240, -906844.3125
40250, -906856.625
40260, -906857.4375
40270, -906869.625
40280, -906855.1875
40290, -906856.3125
40300, -906860.5
40310, -906845.375
40320, -906828.4375
40330, -906877.0625
40340, -906876.3125
40350, -906889.25
40360, -906877.625
40370, -906899.5
40380, -906871.3125
40390, -906870.0625
40400, -906885.0
40410, -906867.0625
40420, -906840.375
40430, -906860.4375
40440, -906880.125
40450, -906846.5
40460, -906849.4375
40470, -906828.75
40480, -906827.4375
40490, -906847.625
40500, -906838.625
40510, -906843.8125
40520, -906828.0
40530, -906848.625
40540, -906864.375
40550, -906844.0
40560, -906847.125
40570, -906865.375
40580, -906861.5625
40590, -906882.375
40600, -906876.0625
40610, -906863.0
40620, -906850.875
40630, -906856.4375
40640, -906881.625
40650, -906848.25
40660, -906859.1875
40670, -906864.375
40680, -906861.0
40690, -906851.4375
40700, -906849.4375
40710, -906865.8125
40720, -906838.9375
40730, -906854.8125
40740, -906878.75
40750, -906860.0
40760, -906861.3125
40770, -906831.875
40780, -906868.25
40790, -906862.25
40800, -906833.3125
40810, -906853.4375
40820, -906841.9375
40830, -906862.875
40840, -906868.75
40850, -906854.0
40860, -906866.25
40870, -906851.75
40880, -906869.8125
40890, -906867.625
40900, -906875.625
40910, -906880.375
40920, -906876.375
40930, -906864.1875
40940, -906869.6875
40950, -906853.3125
40960, -906845.8125
40970, -906863.4375
40980, -906838.0625
40990, -906852.5625
41000, -906847.375
41010, -906843.5
41020, -906841.125
41030, -906853.875
41040, -906853.9375
41050, -906873.3125
41060, -906865.875
41070, -906861.3125
41080, -906857.125
41090, -906880.1875
41100, -906863.875
41110, -906863.4375
41120, -906880.125
41130, -906871.875
41140, -906860.4375
41150, -906859.1875
41160, -906860.1875
41170, -906867.25
41180, -906878.5
41190, -906875.25
41200, -906888.5625
41210, -906875.625
41220, -906864.375
41230, -906867.5625
41240, -906864.75
41250, -906857.4375
41260, -906859.375
41270, -906850.5625
41280, -906859.75
41290, -906838.625
41300, -906867.8125
41310, -906848.25
41320, -906879.5
41330, -906863.375
41340, -906855.5625
41350, -906874.8125
41360, -906873.75
41370, -906853.5
41380, -906853.0625
41390, -906839.8125
41400, -906824.875
41410, -906836.25
41420, -906854.625
41430, -906840.625
41440, -906821.3125
41450, -906860.875
41460, -906869.625
41470, -906870.125
41480, -906863.375
41490, -906863.8125
41500, -906872.9375
41510, -906867.0625
41520, -906867.625
41530, -906872.25
41540, -906870.0625
41550, -906825.0
41560, -906868.8125
41570, -906872.8125
41580, -906856.3125
41590, -906857.1875
41600, -906840.8125
41610, -906857.0
41620, -906863.25
41630, -906857.9375
41640, -906852.0
41650, -906877.875
41660, -906840.4375
41670, -906876.0625
41680, -906858.4375
41690, -906855.3125
41700, -906864.6875
41710, -906866.5625
41720, -906859.625
41730, -906862.25
41740, -906861.0625
41750, -906852.875
41760, -906847.25
41770, -906870.25
41780, -906845.5
41790, -906847.0625
41800, -906841.375
41810, -906864.9375
41820, -906840.0
41830, -906844.0
41840, -906856.4375
41850, -906853.3125
41860, -906837.75
41870, -906848.375
41880, -906856.625
41890, -906868.9375
41900, -906855.125
41910, -906863.125
41920, -906867.6875
41930, -906858.1875
41940, -906870.375
41950, -906868.6875
41960, -906876.5
41970, -906862.0
41980, -906860.25
41990, -906864.9375
42000, -906889.25
42010, -906874.125
42020, -906866.1875
42030, -906865.9375
42040, -906856.5625
42050, -906874.9375
42060, -906853.5
42070, -906871.5625
42080, -906865.375
42090, -906879.8125
42100, -906852.0625
42110, -906842.25
42120, -906865.125
42130, -906869.3125
42140, -906865.25
42150, -906874.375
42160, -906877.3125
42170, -906871.375
42180, -906884.3125
42190, -906879.0
42200, -906866.375
42210, -906855.6875
42220, -906853.4375
42230, -906859.0625
42240, -906865.375
42250, -906874.9375
42260, -906864.9375
42270, -906853.1875
42280, -906859.4375
42290, -906841.4375
42300, -906862.0
42310, -906848.75
42320, -906863.25
42330, -906854.0625
42340, -906851.3125
42350, -906853.4375
42360, -906837.375
42370, -906853.625
42380, -906835.0
42390, -906860.1875
42400, -906855.125
42410, -906845.0625
42420, -906842.875
42430, -906811.25
42440, -906839.25
42450, -906844.125
42460, -906869.5
42470, -906841.1875
42480, -906874.5
42490, -906855.375
42500, -906863.9375
42510, -906878.0625
42520, -906871.5
42530, -906846.6875
42540, -906832.875
42550, -906843.125
42560, -906857.0
42570, -906849.75
42580, -906856.1875
42590, -906853.125
42600, -906836.0625
42610, -906856.0
42620, -906847.375
42630, -906871.5625
42640, -906855.1875
42650, -906845.25
42660, -906859.1875
42670, -906865.4375
42680, -906855.0625
42690, -906847.6875
42700, -906858.5625
42710, -906871.375
42720, -906845.5
42730, -906856.0625
42740, -906853.875
42750, -906850.5
42760, -906874.625
42770, -906859.9375
42780, -906855.6875
42790, -906863.4375
42800, -906838.5625
42810, -906868.6875
42820, -906875.875
42830, -906860.6875
42840, -906845.9375
42850, -906838.8125
42860, -906842.6875
42870, -906846.8125
42880, -906855.375
42890, -906825.75
42900, -906826.3125
42910, -906855.875
42920, -906870.75
42930, -906856.1875
42940, -906842.125
42950, -906865.25
42960, -906860.125
42970, -906836.4375
42980, -906853.4375
42990, -906884.3125
43000, -906873.25
43010, -906867.0
43020, -906829.25
43030, -906840.875
43040, -906854.0
43050, -906875.0
43060, -906866.8125
43070, -906861.875
43080, -906860.0
43090, -906877.8125
43100, -906864.375
43110, -906878.625
43120, -906862.8125
43130, -906867.0625
43140, -906852.9375
43150, -906848.25
43160, -906867.125
43170, -906832.625
43180, -906862.25
43190, -906865.875
43200, -906861.8125
43210, -906859.125
43220, -906858.5625
43230, -906868.1875
43240, -906864.8125
43250, -906858.75
43260, -906836.5625
43270, -906840.375
43280, -906830.4375
43290, -906859.625
43300, -906840.25
43310, -906860.5625
43320, -906863.625
43330, -906850.875
43340, -906857.1875
43350, -906853.1875
43360, -906867.0
43370, -906859.3125
43380, -906864.5
43390, -906865.5625
43400, -906879.0625
43410, -906867.5625
43420, -906875.875
43430, -906863.625
43440, -906853.125
43450, -906859.6875
43460, -906882.5625
43470, -906873.3125
43480, -906870.4375
43490, -906860.5625
43500, -906869.125
43510, -906824.6875
43520, -906867.6875
43530, -906864.5
43540, -906862.125
43550, -906857.75
43560, -906868.1875
43570, -906867.625
43580, -906880.6875
43590, -906861.875
43600, -906831.3125
43610, -906850.875
43620, -906842.625
43630, -906867.125
43640, -906844.8125
43650, -906835.5
43660, -906857.9375
43670, -906832.6875
43680, -906866.75
43690, -906844.0625
43700, -906841.0
43710, -906854.25
43720, -906830.3125
43730, -906873.75
43740, -906853.75
43750, -906878.9375
43760, -906848.25
43770, -906872.4375
43780, -906839.6875
43790, -906859.0
43800, -906845.75
43810, -906864.4375
43820, -906855.625
43830, -906866.75
43840, -906836.6875
43850, -906860.75
43860, -906845.9375
43870, -906874.75
43880, -906851.6875
43890, -906849.75
43900, -906859.0
43910, -906865.625
43920, -906855.375
43930, -906869.0
43940, -906823.8125
43950, -906858.6875
43960, -906857.125
43970, -906831.625
43980, -906832.75
43990, -906849.0625
44000, -906851.1875
44010, -906865.3125
44020, -906856.75
44030, -906854.625
44040, -906864.125
44050, -906860.75
44060, -906828.0625
44070, -906860.875
44080, -906868.25
44090, -906866.5
44100, -906844.9375
44110, -906841.5625
44120, -906849.9375
44130, -906835.25
44140, -906851.9375
44150, -906846.5
44160, -906854.5625
44170, -906857.5625
44180, -906850.8125
44190, -906856.3125
44200, -906852.5625
44210, -906816.8125
44220, -906876.1875
44230, -906875.0
44240, -906860.4375
44250, -906843.1875
44260, -906865.3125
44270, -906863.6875
44280, -906862.125
44290, -906853.5
44300, -906859.0
44310, -906852.875
44320, -906851.125
44330, -906853.4375
44340, -906852.1875
44350, -906855.0
44360, -906849.125
44370, -906836.125
44380, -906832.4375
44390, -906829.5625
44400, -906854.4375
44410, -906878.1875
44420, -906854.75
44430, -906855.6875
44440, -906855.3125
44450, -906856.0
44460, -906846.875
44470, -906839.9375
44480, -906868.5625
44490, -906858.8125
44500, -906885.3125
44510, -906875.1875
44520, -906868.0
44530, -906867.625
44540, -906860.25
44550, -906864.8125
44560, -906870.75
44570, -906864.6875
44580, -906847.9375
44590, -906867.3125
44600, -906864.75
44610, -906860.4375
44620, -906869.125
44630, -906860.3125
44640, -906857.125
44650, -906839.75
44660, -906847.8125
44670, -906831.75
44680, -906840.625
44690, -906851.9375
44700, -906856.0
44710, -906861.875
44720, -906825.625
44730, -906870.75
44740, -906853.1875
44750, -906876.0625
44760, -906855.0
44770, -906852.875
44780, -906851.1875
44790, -906834.5625
44800, -906849.8125
44810, -906860.3125
44820, -906840.3125
44830, -906852.25
44840, -906847.75
44850, -906852.5
44860, -906815.5
44870, -906835.125
44880, -906859.625
44890, -906822.1875
44900, -906858.875
44910, -906853.6875
44920, -906856.875
44930, -906854.5625
44940, -906839.75
44950, -906869.5
44960, -906856.625
44970, -906848.9375
44980, -906852.625
44990, -906863.625
45000, -906861.9375
45010, -906848.5625
45020, -906859.125
45030, -906856.0625
45040, -906847.8125
45050, -906852.75
45060, -906853.9375
45070, -906863.625
45080, -906867.9375
45090, -906843.25
45100, -906856.4375
45110, -906879.0
45120, -906883.4375
45130, -906876.75
45140, -906861.875
45150, -906857.1875
45160, -906861.125
45170, -906860.25
45180, -906859.4375
45190, -906859.1875
45200, -906846.375
45210, -906868.4375
45220, -906872.9375
45230, -906866.8125
45240, -906865.6875
45250, -906855.5625
45260, -906864.5
45270, -906884.1875
45280, -906844.0625
45290, -906847.625
45300, -906840.6875
45310, -906858.8125
45320, -906869.375
45330, -906857.9375
45340, -906849.0625
45350, -906862.5625
45360, -906844.5625
45370, -906841.6875
45380, -906836.25
45390, -906843.0625
45400, -906846.6875
45410, -906849.125
45420, -906825.9375
45430, -906840.9375
45440, -906847.6875
45450, -906867.375
45460, -906830.3125
45470, -906874.75
45480, -906841.0
45490, -906871.9375
45500, -906852.25
45510, -906849.625
45520, -906821.8125
45530, -906857.0
45540, -906862.25
45550, -906849.125
45560, -906843.4375
45570, -906859.1875
45580, -906828.9375
45590, -906863.3125
45600, -906854.0
45610, -906869.3125
45620, -906859.625
45630, -906851.9375
45640, -906817.8125
45650, -906832.3125
45660, -906843.5
45670, -906848.75
45680, -906838.9375
45690, -906876.9375
45700, -906862.25
45710, -906861.125
45720, -906879.4375
45730, -906846.5625
45740, -906858.25
45750, -906856.875
45760, -906874.625
45770, -906860.75
45780, -906863.625
45790, -906849.375
45800, -906853.75
45810, -906865.8125
45820, -906853.75
45830, -906851.9375
45840, -906865.6875
45850, -906859.5625
45860, -906871.5625
45870, -906876.1875
45880, -906873.625
45890, -906867.6875
45900, -906865.4375
45910, -906869.9375
45920, -906856.5625
45930, -906824.125
45940, -906859.0625
45950, -906850.75
45960, -906841.5625
45970, -906865.125
45980, -906861.6875
45990, -906842.375
46000, -906853.1875
46010, -906854.3125
46020, -906847.125
46030, -906863.375
46040, -906837.25
46050, -906869.0625
46060, -906847.375
46070, -906838.875
46080, -906841.25
46090, -906846.5
46100, -906852.5
46110, -906858.8125
46120, -906841.0
46130, -906822.6875
46140, -906869.5
46150, -906833.5
46160, -906869.5625
46170, -906850.625
46180, -906848.375
46190, -906858.5
46200, -906849.375
46210, -906840.4375
46220, -906858.1875
46230, -906838.625
46240, -906868.0
46250, -906854.25
46260, -906831.0
46270, -906866.375
46280, -906835.25
46290, -906833.4375
46300, -906826.75
46310, -906863.9375
46320, -906861.6875
46330, -906860.8125
46340, -906837.25
46350, -906839.75
46360, -906857.4375
46370, -906855.375
46380, -906854.5
46390, -906883.8125
46400, -906868.6875
46410, -906878.375
46420, -906868.1875
46430, -906875.3125
46440, -906855.625
46450, -906871.375
46460, -906859.75
46470, -906866.5
46480, -906881.0
46490, -906883.5
46500, -906844.5625
46510, -906852.0
46520, -906863.0625
46530, -906862.6875
46540, -906868.5625
46550, -906869.125
46560, -906858.875
46570, -906870.25
46580, -906875.25
46590, -906847.625
46600, -906885.75
46610, -906836.6875
46620, -906856.5
46630, -906870.0625
46640, -906877.3125
46650, -906873.375
46660, -906857.625
46670, -906842.6875
46680, -906864.125
46690, -906841.375
46700, -906874.625
46710, -906875.0625
46720, -906868.6875
46730, -906872.1875
46740, -906842.6875
46750, -906857.75
46760, -906879.1875
46770, -906863.375
46780, -906880.3125
46790, -906845.4375
46800, -906850.5
46810, -906842.25
46820, -906840.125
46830, -906849.3125
46840, -906852.8125
46850, -906842.3125
46860, -906858.25
46870, -906859.5625
46880, -906859.6875
46890, -906869.0
46900, -906849.1875
46910, -906876.6875
46920, -906859.375
46930, -906856.3125
46940, -906855.875
46950, -906846.8125
46960, -906861.0
46970, -906850.0
46980, -906858.8125
46990, -906850.625
47000, -906854.75
47010, -906861.125
47020, -906837.375
47030, -906854.8125
47040, -906847.0625
47050, -906851.6875
47060, -906865.6875
47070, -906871.5
47080, -906865.125
47090, -906859.1875
47100, -906839.8125
47110, -906858.4375
47120, -906860.25
47130, -906887.4375
47140, -906872.25
47150, -906862.0
47160, -906848.3125
47170, -906882.375
47180, -906872.6875
47190, -906865.875
47200, -906872.8125
47210, -906865.0625
47220, -906856.625
47230, -906843.75
47240, -906866.375
47250, -906828.875
47260, -906857.5625
47270, -906864.1875
47280, -906861.3125
47290, -906845.375
47300, -906873.3125
47310, -906831.75
47320, -906854.4375
47330, -906818.0625
47340, -906839.75
47350, -906871.0
47360, -906838.875
47370, -906848.375
47380, -906848.0
47390, -906878.75
47400, -906846.875
47410, -906855.1875
47420, -906875.8125
47430, -906877.0
47440, -906861.4375
47450, -906863.6875
47460, -906861.6875
47470, -906875.0
47480, -906883.1875
47490, -906872.25
47500, -906865.3125
47510, -906881.0
47520, -906845.625
47530, -906851.125
47540, -906860.0
47550, -906857.3125
47560, -906848.1875
47570, -906842.8125
47580, -906867.5625
47590, -906845.4375
47600, -906857.75
47610, -906866.25
47620, -906882.0625
47630, -906850.25
47640, -906819.875
47650, -906839.9375
47660, -906844.3125
47670, -906832.6875
47680, -906847.125
47690, -906830.375
47700, -906829.4375
47710, -906855.875
47720, -906863.5625
47730, -906856.25
47740, -906871.6875
47750, -906878.4375
47760, -906870.1875
47770, -906853.625
47780, -906853.75
47790, -906865.4375
47800, -906859.6875
47810, -906847.625
47820, -906848.0
47830, -906859.125
47840, -906852.8125
47850, -906835.0
47860, -906840.9375
47870, -906863.0625
47880, -906856.875
47890, -906864.5625
47900, -906872.25
47910, -906862.5
47920, -906835.1875
47930, -906846.5625
47940, -906867.875
47950, -906875.0
47960, -906877.625
47970, -906849.75
47980, -906868.0
47990, -906884.75
48000, -906873.625
48010, -906856.0625
48020, -906869.3125
48030, -906866.8125
48040, -906867.9375
48050, -906861.25
48060, -906871.3125
48070, -906869.6875
48080, -906862.6875
48090, -906883.0
48100, -906877.9375
48110, -906879.1875
48120, -906855.0
48130, -906862.125
48140, -906877.1875
48150, -906857.3125
48160, -906871.6875
48170, -906870.25
48180, -906878.5
48190, -906853.875
48200, -906857.375
48210, -906854.875
48220, -906862.5
48230, -906854.5
48240, -906856.0625
48250, -906870.4375
48260, -906867.5
48270, -906860.6875
48280, -906860.25
48290, -906864.8125
48300, -906857.625
48310, -906863.125
48320, -906875.5625
48330, -906861.6875
48340, -906869.25
48350, -906879.75
48360, -906867.5
48370, -906857.6875
48380, -906850.8125
48390, -906850.5
48400, -906852.5
48410, -906860.5625
48420, -906867.125
48430, -906845.625
48440, -906854.25
48450, -906863.875
48460, -906848.75
48470, -906850.0625
48480, -906858.5
48490, -906872.0625
48500, -906870.4375
48510, -906853.875
48520, -906861.0
48530, -906861.5625
48540, -906867.125
48550, -906877.25
48560, -906871.6875
48570, -906863.3125
48580, -906876.625
48590, -906852.875
48600, -906856.75
48610, -906870.5
48620, -906862.75
48630, -906861.625
48640, -906851.625
48650, -906851.4375
48660, -906840.125
48670, -906868.75
48680, -906846.9375
48690, -906850.5625
48700, -906841.125
48710, -906902.0
48720, -906899.8125
48730, -906929.3125
48740, -906903.5
48750, -906874.5
48760, -906880.9375
48770, -906879.8125
48780, -906896.6875
48790, -906907.1875
48800, -906920.9375
48810, -906907.875
48820, -906901.6875
48830, -906893.0
48840, -906899.25
48850, -906921.125
48860, -906868.9375
48870, -906861.25
48880, -906866.8125
48890, -906843.375
48900, -906844.5
48910, -906853.0625
48920, -906842.8125
48930, -906858.25
48940, -906864.125
48950, -906876.375
48960, -906856.0
48970, -906836.0625
48980, -906854.875
48990, -906873.3125
49000, -906869.375
49010, -906852.25
49020, -906872.25
49030, -906845.1875
49040, -906842.625
49050, -906886.875
49060, -906864.5625
49070, -906892.6875
49080, -906856.1875
49090, -906867.3125
49100, -906867.6875
49110, -906862.875
49120, -906847.4375
49130, -906871.8125
49140, -906850.5
49150, -906859.6875
49160, -906874.9375
49170, -906870.4375
49180, -906868.9375
49190, -906870.0625
49200, -906848.8125
49210, -906846.5
49220, -906835.75
49230, -906860.4375
49240, -906846.9375
49250, -906866.75
49260, -906852.0
49270, -906871.5625
49280, -906849.6875
49290, -906848.875
49300, -906861.0
49310, -906864.9375
49320, -906869.625
49330, -906856.5625
49340, -906854.75
49350, -906867.9375
49360, -906850.0
49370, -906868.25
49380, -906840.8125
49390, -906858.25
49400, -906847.9375
49410, -906865.8125
49420, -906860.3125
49430, -906861.6875
49440, -906848.3125
49450, -906836.3125
49460, -906846.6875
49470, -906867.8125
49480, -906866.75
49490, -906855.875
49500, -906847.5
49510, -906860.4375
49520, -906854.0
49530, -906845.75
49540, -906847.8125
49550, -906851.0625
49560, -906847.75
49570, -906809.125
49580, -906878.125
49590, -906826.875
49600, -906843.375
49610, -906854.25
49620, -906841.9375
49630, -906845.5
49640, -906868.4375
49650, -906867.875
49660, -906891.75
49670, -906882.1875
49680, -906893.5625
49690, -906895.0625
49700, -906910.5
49710, -906901.4375
49720, -906894.875
49730, -906915.0625
49740, -906915.5625
49750, -906865.0
49760, -906848.5
49770, -906853.9375
49780, -906851.0625
49790, -906851.0625
49800, -906846.5
49810, -906846.875
49820, -906859.1875
49830, -906877.5
49840, -906850.0625
49850, -906864.5625
49860, -906882.875
49870, -906850.8125
49880, -906837.375
49890, -906864.9375
49900, -906851.375
49910, -906860.125
49920, -906833.5625
49930, -906847.8125
49940, -906841.6875
49950, -906844.6875
49960, -906874.6875
49970, -906856.75
49980, -906844.25
49990, -906844.0
